question,sentence,label
在或者周围的鼻窦中有任何血液积累吗？,在鼻腔内存在出血分泌物，并延伸到右侧上颌窦。,entailment
渗透物之间有任何差异吗？,这对应于改善的肺水肿。,entailment
有后腹膜出血的迹象吗？,没有腹膜后血肿的证据。,entailment
我们是否发现了任何单侧或双侧的胸腔积液？,最小的右侧胸腔积液。,not_entailment
脊柱上有任何骨质缺损吗？,未发现急性骨折或创伤性错位。,entailment
胸膜腔内还有剩余的液体吗？,心脏较大，但考虑到技术差异，其大小并无明显变化。,not_entailment
铅是否放置正确？,患者在经历过中线胸骨切开术和冠状动脉旁路手术后的状态。,not_entailment
是否可以看到左侧喉返神经的增厚？,评估复发性喉神经的路径。,not_entailment
左侧胸部的迷走神经刺激器是否完好无损？,与之前一样，[**医生姓氏**]左侧第5和第6排肋骨的愈合骨折证据看起来没有变化。,not_entailment
肺部的间质空间怎么样？,持续的间质和肺泡浸润，符合PCP（肺孢子虫病）的表现。,entailment
大脑实质中是否有任何异常？,发现：没有颅内出血。,entailment
是否存在液体积聚？,2.4 x 3.7 x 20 cm的集合位于中线，从盆骨延伸到切口处的中腹部。,entailment
大脑内有任何病理变化吗？,最终报告 检查：带有和不带钆剂的脑部核磁共振成像。,not_entailment
右侧内颈静脉中心线的位置是什么？,2) 新的右侧内颈静脉（IJ）线和口咽胃管看起来位置良好。,not_entailment
有没有任何心力衰竭的迹象？,发现：心脏稳定地扩大了。,entailment
肾脏看起来是什么样的？,肾脏超声: 右肾测量为10.3厘米。,entailment
在放置锁骨下起搏器时，有没有由于创伤引起的气胸病例？,印象：左侧起搏器置入后未见气胸。,entailment
静脉映射完成了吗？,最终报告 历史： 静脉绘图。,not_entailment
是否观察到左侧喉返神经有任何增厚？,在喉返神经的路径上没有发现任何质块的证据。,entailment
肺部内是否有渗透的证据？,没有心包扩大。,not_entailment
左侧胸部的迷走神经刺激器是否完好？,病人有左侧胸痛。,not_entailment
X射线显示了左侧远侧指骨骨折吗？,发现：在左侧第四中指远端部分存在一条线状透亮区，延伸到关节内表面，符合急性骨折的情况。,entailment
PICC线放置手术过程容易吗？,然后，PICC被通过鞘管沿着导线推进。,not_entailment
有没有任何间隔变化？,双侧肺部不透明度有间期性的改善，最明显的在右肺底部。,entailment
肺部有任何异常吗？,软组织和骨质结构无明显异常。,not_entailment
有冠状动脉疾病的任何迹象吗？,印象：正常研究。,entailment
GI道中有任何活动性出血部位吗？,印象：消化道出血研究结果为阴性。,not_entailment
插管拔除后，肺部情况如何？,肺部充气更好，这暗示着顺应性正在增加。,not_entailment
我们在肝脏里看到任何物质了吗？,虽然未发现明显的肝脏病变，但请考虑使用其他形式的腹部影像学（MRI、CT）进行进一步的随访。,entailment
胸部X光上有没有 noted 任何间隔变化？,这些并未发生重大变化。,not_entailment
骨头里有任何缺陷吗？,主要的颅内池袋保持完好。,not_entailment
肺部有任何吸入的迹象吗？,没有肺实质浓缩或胸腔积液。,entailment
胸部X光显示了什么？,起搏器电极位置没有间隔变化。,entailment
有肺栓塞的证据吗？,远端气管中存在依赖性物质，可能是黏液。,not_entailment
有没有肺水肿的证据？,没有气胸。,not_entailment
有血栓的证据吗？,在这个限制范围内，门静脉是通畅的；然而，波形并未得到良好的评估。,entailment
胸壁有受伤吗？,发现：心脏大小正常，没有肺血管充血。,not_entailment
中心线放置得正确吗？,最终报告 指示：评估中心线放置情况。,not_entailment
经过胸腔穿刺术后，有没有出现任何新的异常情况？,发现双侧胸腔积液。,entailment
有没有任何间隔变化？,印象：双肺不透明度由PCP（肺囊虫病）改善。,entailment
病人的头部有包含性出血吗？,印象：右顶叶和左侧丘脑的形态稳定，但出现出血，这让人担忧这位已知有肺癌转移到大脑的患者可能出现了出血性转移。,entailment
间质性浸润是否发展成实变？,存在双侧模糊的地玻璃样不透明性，与网格状改变有关。,entailment
左内颈静脉导管尖端是否在上腔静脉中？,心脏大小在正常范围内。,not_entailment
有狭窄的证据吗？,没有证据显示任何一侧存在重要的狭窄。,entailment
有没有新的肺部浸润？,未见胸膜积液现象。,not_entailment
OGT是否放置正确？,一个NG（鼻胃）导管被卷在胃底，左侧PICC（经皮内静脉中心）线和左锁骨下血管导管保持在原位，位置未改变。,entailment
GI中是否有出血的证据？,结肠憩室病，没有憩室炎的迹象。,not_entailment
ETT放置得正确吗？,印象：位置过低的气管插管，应重新放置以达到最佳位置。,entailment
肾脏的灌注情况如何？,左肾的尺寸是9.5厘米。,not_entailment
头部有出血现象吗？,[**Doctor Last Name 107**] -白质分化得以保持。,not_entailment
有肺气胸的证据吗？,排除气胸。,not_entailment
肺部是否有任何炎症的迹象？,印象：单向正位胸部视图上未见吸入性肺炎的证据。,entailment
病人的头部有局部出血吗？,在实质性出血的上缘部位，存在一个形状圆形的异质性集中区，这可能代表一个转移性病变。,not_entailment
Dobhoff管道是否正确放置？,未发现气胸。,not_entailment
你找到了呼吸急促的原因了吗？,心脏肥大,entailment
血肿有没有增加？,没有脑积水。,not_entailment
胃管的位置如何？,ET管在颈部弯曲位置终止，距离气管隔2厘米。,not_entailment
左侧胸壁有任何异常吗？,发现：正侧位胸部视图显示左前胸壁位置存在一个电子胶囊。,not_entailment
CT扫描上的鼻窦怎么样？,出血性分泌物存在于鼻腔内，扩展至右侧上颚窦。,entailment
有没有肺炎的证据？,双侧磨玻璃样不透明度，以及肺底部更密集的实变区域。,entailment
有没有腹腔内脓肿的迹象？,骨盆中有少量的游离液体。,not_entailment
有没有肺部浸润的证据？,心脏纵隔剪影正常。,not_entailment
在胃肠道存在出血的证据吗？,没有主动脉夹层或主动脉瘤的证据。,not_entailment
血肿有任何增长吗？,印象：右侧额叶脑实质内出血表现稳定。,entailment
我们在颈动脉血管中看到任何斑块吗？,没有证据显示两侧有明显的狭窄。,entailment
肺部有任何液体吗？,有一个NG（鼻胃）管，其管尖位于胃中。,not_entailment
胆汁是如何通过胆道树流动的？,印象：右上象限超声波检查正常，未见结构异常。,entailment
我们是否在右侧和左侧上肢的静脉中看到任何血栓？,左侧头静脉在左侧肘窝区域显示充盈缺损，这与部分血栓形成相一致。,entailment
有胸腔积液的证据吗？,可以看到小的双侧胸腔积液。,entailment
上肢的静脉怎么样？,右侧肱静脉远端部分在前臂窝处无法看到。,not_entailment
PICC是否被放置在左臂上？,在实时超声引导下，使用21号微刺穿针访问了左侧肱静脉。,not_entailment
Dobhoff管是否正确放置？,心脏轻微扩大。,not_entailment
你找到了呼吸频率增加的原因吗？,这种弥漫性双侧模糊浸润的加重与PCP [**姓名初始(PRE) 8079**]的加重一致。,entailment
左侧内颈静脉导管的顶端是否在上腔静脉中？,印象：左侧IJ导管位于上腔静脉中。,entailment
我们能否看到dobhoff管的尖端在胃或十二指肠中？,馈食管的尖端被确定在远端食管中。,entailment
你找到了气胸的证据吗？,没有观察到气胸。,entailment
肺部是否出现了较少或较小的实变区？,双侧地毯状玻璃状改变，斑片状不透明度有间歇性改善。,entailment
有没有任何质量/组织对神经组织产生压力效应？,印象：无急性颅内异常。,entailment
肺部的弥漫性恢复期不透明度有没有发生任何变化？,双侧地面玻璃影、斑片状浑浊度有间断性的改善。,entailment
CT上的大脑看起来是什么样的？,印象：无急性颅内损伤的证据。,entailment
NGT放置正确吗？,信息已与转诊医生，[**姓氏（名称模式4）**]进行了交流。,not_entailment
在肺炎的期间内有任何变化吗?,在上腹部可见到中度胃扩张。,not_entailment
天鹅导管位于哪里？,肋膈角变钝。,not_entailment
你找到了呼吸频率增加的原因吗？,印象：恶化的PC肺炎。,entailment
我们看到肺部有任何液体吗？,可能的右上肺部固结区域。,not_entailment
空域内是否有间隔变化？,内插气管导管已经插入，其尖端大约在隆突之上3厘米的位置。,not_entailment
在拔管后，肺部有任何间隔变化吗？,在双侧肺不透明度上有间歇性的改善，最明显的在右肺底部。,entailment
有狭窄的证据吗？,右侧的ICA到CCA的比例是1.0，左侧是1.7。,entailment
内气管插管位置是什么？,建议进行轻度压缩。,not_entailment
GI中是否有出血的证据？,胸椎存在多级退行性变化。,not_entailment
胸腔穿刺术是否在左侧引起了气胸？,左侧胸腔积液已有间歇性减少。,not_entailment
起搏器的位置在哪里？,心脏大小在正常范围的上限，并且稳定。,not_entailment
存在使呼吸困难恶化的原因吗？,起搏器导线的位置没有间隔变化。,not_entailment
大脑实质中有任何异常吗？,心室、脑池和脑沟的大小和形状是正常的。,not_entailment
肺部有渗透病变吗？,肺部容积在呼气时较低。,not_entailment
有没有肺炎的证据？,可能存在轻微的左侧胸腔积液。,not_entailment
右侧的IJ线是否正确放置？,在大肠和小肠中有中度的气体积聚。,not_entailment
有深静脉血栓形成的证据吗？,印象：左上肢深静脉血栓(DVT)的证据未发现。,entailment
肺部内是否有渗透物的证据？,尽管肺部容积低，但没有急性肺炎的证据。,entailment
我们在肝脏中看到任何肿块吗？,在腹部未见到腹水。,not_entailment
NGT放置正确吗？,未发现气胸。,not_entailment
有没有任何骨骼缺陷的证据？,未发现急性骨折或创伤性错位。,entailment
PICC线是否放置在左臂？,该线路已经可以使用。,not_entailment
颈椎的对齐是什么？,未发现急性骨折或创伤性错位。,entailment
有没有任何渗透的迹象？,排除渗透。,not_entailment
有没有出血的证据？,没有质量效应或正常中线结构的移位。,not_entailment
有肺炎的迹象吗？,临床指标：疑似吸入性肺炎。,not_entailment
左侧胸壁上有任何异常吗？,在侧面视图上，可以识别出主动脉瓣区域内的钙化。,not_entailment
有肺炎的证据吗？,印象：没有胸部创伤的证据。,not_entailment
右侧大隐静脉的情况如何？,右侧小隐静脉虽小但通畅，其直径测量为0.06、0.08和0.09厘米。,not_entailment
有没有任何质量/组织对神经组织产生压力效应？,没有质量效应或正常中线结构的位移。,entailment
门静脉通畅吗？,在这种限制下，注意到门静脉是通畅的；然而，波形并未得到很好的评估。,not_entailment
我们是否看到冠状动脉中有任何阻塞？,压力和休息灌注图像显示没有心肌灌注缺损。,entailment
有任何异常肿块存在吗？,印象：无急性颅内异常。,entailment
有急性过程的证据吗？,没有胸腔积液、局灶性肺实变或气胸。,not_entailment
线路是否正确放置？,这条线标示出了正确的路径，线的尖端在中央上腔静脉的上方。,entailment
门静脉是否通畅？,在这个限制内，门静脉中有血液流动; 然而，波形并没有很好地显示出来。,entailment
经过抽胸腔积液术后有没有新的异常情况？,后心区呈现不透明，与肺不张症状相符。,not_entailment
有水合物的证据吗？,印象： 1）没有肾积水的证据。,entailment
我们是否看到任何导致胸膜周围空间有气体的创伤？,未检测到积液或气胸。,entailment
肾脏的灌注情况如何？,电阻指数升高，在右肾为0.73-0.78，左肾为0.64-0.82。,not_entailment
有CHF的证据吗？,肺血管正常。,not_entailment
有肺炎的证据吗？,印象：在单一的前后位胸部视图上没有看到吸入性肺炎的证据。,entailment
间隔变化存在于肺回虫肺炎中吗？,考虑到技术上的差异，间隔中没有显著的变化。,entailment
中心静脉线是否位于预定的位置？,患者已接受了右侧中心静脉通路置管。,not_entailment
在这段时间内，PCP有任何变化吗？,在两侧地面玻璃样影和斑片状不透明度方面有了间歇性的改善。,entailment
有肺气胸的迹象吗？,存在广泛的双侧空气间隙渗透，左侧稍微更明显。,not_entailment
肺实质清晰吗？,考虑到技术上的差异，间隔中没有显著的变化。,not_entailment
GSV的状况如何？,未能观察到大隐静脉的中部，这与其被采集过的历史相吻合。,entailment
肺部是否有任何间质浸润的迹象？,印象：右下肺叶出现斑片状不透明度，这可能代表早期肺炎。,entailment
胸腔穿刺术是否在左侧引起了气胸？,看不到气胸。,entailment
在拔管后，肺部有没有任何间隔性的变化？,肺部充气更好，暗示顺应性在提高。,not_entailment
有新的渗透影的证据吗？,右肺尖部显示出一种模糊的不透明度，投射在第二肋骨前端的水平上，可能代表阴影的叠加或新的不透明度，考虑到在之前的X光片上没有发现这一情况。,entailment
有胃酸反流的证据吗？,没有蜜糖、布丁或饼干等不同稠度食物引起的口咽部残留或误吸现象。,not_entailment
自上次以来，肺部状况有所改善吗？,2) 双侧弥漫性磨玻璃样及肺泡浑浊，符合肺囊肿肺炎的表现，且无变化。,entailment
存在使呼吸困难加重的原因吗？,肺部容量偏低。,entailment
是否有任何阻塞在肠系膜上动脉中？,印象：腹腔和SMA通畅，超声无狭窄迹象。,entailment
在此期间，X光片上的肺炎有变化吗？,这些并没有发生显著的变化。,entailment
在胃肠道中有出血的证据吗？,存在主要涉及基底的肺不张，以及右肺中叶的瘢痕。,not_entailment
CT扫描上的鼻窦怎么样？,轨道和轨道锥体在正常范围内。,not_entailment
肺部有任何异常吗？,印象：假设患者的症状是急性发展的（鉴于此前没有研究），这最可能代表肺水肿或急性呼吸窘迫综合症（ARDS）。,entailment
有肺炎的症状吗？,与之前的研究相比，紧邻肺门肿块的肺泡不透明区已经消退。,entailment
有没有任何出血的证据？,发现：没有颅内出血。,entailment
有狭窄病的证据吗？,肠系膜上动脉和腹股沟动脉的通径广泛开放，多普勒评估显示正常的频谱流动和在正常范围内的速度。,entailment
有没有肺炎的任何迹象？,持续的间质和肺泡浸润，与PCP（肺孢子虫病）相符。,entailment
胸痛的位置在哪里？,可以用于比较的是一个类似的先前胸部检查，日期为[**2100-12-15**]。,not_entailment
中心静脉线是否位于预期的位置？,最终报告  胸部X光片： 指标：新的中心静脉通路线，创伤，气胸评估。,not_entailment
有肺炎的证据吗？,未见气胸。,not_entailment
有骨折的迹象吗？,没有自由腹腔空气的证据。,not_entailment
有没有骨折的证据？,发现：在左手第四中指骨远端部分内部，呈现出一线形透亮区，进展至关节内表面，与急性骨折相符。,entailment
肺炎有间隔性变化吗？,2）弥漫性双侧磨玻璃样和肺泡浑浊，符合卡氏肺囊虫肺炎的表现，且未见变化。,entailment
我们在右侧和左侧上肢的静脉中看到任何血栓吗？,左侧头静脉的其余部分通畅，显示流量和直径分别为0.39、0.33、0.23、0.29、0.35、0.36和0.28。,not_entailment
这里有恶化的肺炎吗？,自上次检查以来，整体外观没有变化。,entailment
气管插管的尖端应该放在哪里？,NG管在胃底部盘绕，远端尖端朝向头侧。,not_entailment
在这个时间段里，肺炎有任何改变吗？,肺容量没有变化。,not_entailment
肺叶是否显示出塌陷的迹象？,鼻胃管和气管插管的位置都很满意。,not_entailment
有没有骨折的迹象？,未发现错位的肋骨骨折。,entailment
胸腔内有出血的证据吗？,腹主动脉及其分支有广泛的钙化。,not_entailment
大脑实质中有任何异常吗？,技术：无静脉对比剂的脑部CT。,not_entailment
铅是否正确放置？,没有气胸。,not_entailment
左锁骨下中心线是否在期望的位置和地点？,观察到一条新的左侧锁骨下中央静脉导管，其尖端位于中上腔静脉。,entailment
间隔变化在肺回虫病中存在吗？,考试与前一天保持不变。,entailment
右侧PICC（经皮内置中心静脉导管）远侧尖端的位置是什么？,湿读：EAGg 星期五 [**2126-7-19**] 下午5:54 右侧PICC的远端尖端位于上至中部的上腔静脉。,entailment
有没有肺水肿的证据？,肺血管看起来在正常范围内，没有水肿的证据。,entailment
什么是颈椎的排列方式？,印象：未检测到急性骨折或创伤性错位。,entailment
这些浸润物之间有什么差异吗?,对浸润的跟踪。,not_entailment
在鼻窦内部或周围有任何血液积聚吗？,在右侧蝶窦发现了少量的出血层。,not_entailment
在肺炎的期间内是否有任何变化？,在基底较密集的固结区域，已经出现了间歇性的改善。,entailment
右侧IJ线是否正确放置？,评估右侧IJ中心线位置。,not_entailment
胃鼻管的尖端在哪里？,病人被旋转。,not_entailment
患者的头部有局部出血吗？,心室在外观上是稳定的。,not_entailment
有PE的证据吗？,带静脉对比剂的胸部CT：没有肺栓塞的证据。,entailment
手指有任何骨折吗？,发现：第四中指骨折正在愈合。,entailment
肺部有任何液体吗？,AP仰卧便携式胸部X光片：再次可见左侧IJ导管稳定位置结束于近端的上腔静脉。,not_entailment
病人是否仍然有双侧肺部浸润？,双侧有模糊的地玻璃样不透明区域，以及在肺底部有更多的融合性实变区域。,entailment
肺动脉和肺静脉怎么样？,含静脉对比剂的胸部CT: 没有肺栓塞的证据。,entailment
胸部X光片上有可以解释呼吸急促的任何东西吗？,心脏肥大。,entailment
有胸腔积液的证据吗？,发现：已经间隔移除了肺动脉导管。,not_entailment
上肢的静脉情况如何？,右侧基础静脉的直径分别为0.35、0.34、0.31、0.24。,not_entailment
有没有任何集合的血液在鼻窦内或周围?,由于外伤，在鼻腔和右侧上颌窦内出现出血产物。,entailment
胃肠管的位置如何？,ET管在颈部弯曲位置处距离气管隆突2厘米处结束。,not_entailment
GSV的状况是什么？,只能看到起始部位的右大隐静脉的一小部分。,entailment
ETT管是否被放置在正确的位置？,印象：气管插管位置良好，大约位于隆突上方2厘米处。,entailment
出血的大小是多少？,发现：与前几天的研究相比，右顶叶脑实质内出血及周围水肿的现象稳定。,entailment
在肠系膜上动脉中有任何阻塞吗？,没有光谱扩展。,not_entailment
有水合物的证据吗？,无肾积水的证据。,entailment
迷走神经刺激器电缆的位置在哪里？,已注意到颈椎中等程度的退行性改变。,not_entailment
我们是否看到有任何颈部肿块阻碍了喉返神经（RLN）的通路？,在喉返神经的路径上没有发现肿块的证据。,entailment
出血的大小是多少？,问题：出血性肿块。,not_entailment
胸腔内有出血的证据吗？,技术：根据主动脉CTA协议，进行胸部和腹部的静脉注射对比剂CT检查。,not_entailment
有没有任何腹腔内脓肿的迹象？,没有脓肿的证据。,not_entailment
静脉映射完成了吗？,发现：进行了双侧头静脉和乌头静脉的[**医生姓**]级超声波和彩色双普勒检查。,entailment
胃管的位置如何？,NG管在胃底部盘绕，远端尖端指向头侧。,entailment
肺部内是否有渗透物的证据？,存在一个双腔起搏器，没有显著变化。,not_entailment
有没有腹膜后出血的迹象？,未被显影的肠道回肠无异常。,not_entailment
PICC是否被放置在左臂？,然后，针被换成了导管鞘。,not_entailment
NGT是否放置正确？,病人被转动了。,not_entailment
铅是否放置正确？,患者已经进行了冠状动脉旁路移植手术。,not_entailment
ET管的位置如预期吗？,AP仰卧位胸部X光片： 注意到一根气管插管的尖端位于右主支气管的开口处。,entailment
这个气管插管通畅吗？,鼻胃管的位置被调整到，其侧孔位于食道中部，尖端也位于食道中部。,not_entailment
ETT是否放置正确？,没有气胸。,not_entailment
有没有充血性心力衰竭的证据？,存在一个双腔起搏器，没有显著变化。,not_entailment
胸腔积液是减少了还是增多了？,"最终报告
指标：历史上左侧下肢缺血和恶性胸膜积液，现在呼吸急促症状加重。",not_entailment
ETT的放置是什么？,印象：1）气管插管尖部位置良好，位于隔膜上方2厘米处。,entailment
间质液的量减少了吗？,印象：改善的肺水肿，由于肺静脉压力升高，仍剩余的间质模式。,entailment
NG管似乎在哪里？,NG管置入。,not_entailment
左侧胸壁上有任何异常吗？,患者有左侧胸痛。,not_entailment
肺部有任何感染的迹象吗？,没有胸腔积液、局灶性肺实质浓缩或者气胸。,entailment
空气空间内是否有间隔变化？,影像印象：1）弥漫性双侧气道不透明性，与先前的研究相比并无显著变化，允许技术上的差异。,entailment
PICC线置入手术程序容易吗？,根据导丝上的标记，PICC被修剪到42厘米的长度。,not_entailment
GI中有出血的证据吗？,骨窗：右肩胛骨存在骨软骨下囊肿。,not_entailment
ETT管是否放置在正确的位置？,AP直立式便携式胸部X光: 有一个气管插管间隔插入，其位置看起来良好，大约在隆突上方2厘米的位置。,entailment
由于气胸，是否存在纵隔移位？,中度至大型左侧胸膜积液没有明显改变。,not_entailment
肺部是否看到有任何渗透物？,存在一个ET管，其位置在隆突上方，位置满意。,not_entailment
左侧胸部的迷走神经刺激器是否完好无损？,心脏大小在正常范围内。,not_entailment
天鹅放置得正确吗？,病人已经进行了冠状动脉旁路移植手术。,not_entailment
出血性肿块的大小有变化吗？,疑问出血性肿块。,not_entailment
下肢的静脉情况如何？,考试受到左侧肱静脉和右侧头静脉中静脉插管的显著限制。,not_entailment
左侧锁骨下中心线是否在期望的位置和地点？,现在进行左锁骨下中心线放置。,not_entailment
静脉映射完成了吗？,专利的右侧静脉近侧部分。,entailment
在肺炎的间隔期内有任何变化吗？,改善的弥漫性肺不透明度，与PCP对间歇疗法的反应相一致。,entailment
气管插管的尖端应该放在哪里？,ET管在颈部弯曲位置处，终止在离隔膜2厘米的地方。,entailment
我们在胸部侧位X光上看到任何右上叶不透明度吗？,印象：持续的右上肺叶不透明度。,entailment
铅是否放置正确？,印象：永久起搏器及其心房和心室电极的放置满意，无肺气胸的迹象。,entailment
有肝癌的证据吗？,虽然没有发现明显的肝脏病变，但请考虑使用其他形式的腹部影像（MRI，CT）进行额外的随访。,entailment
随着时间的推移，网状间质遮光度有任何变化吗？,肺容量无变化。,not_entailment
我们是否看到任何颈部肿块阻碍了RLN的路径？,在左侧喉返神经的路径上没有大面积病变或质量效应的迹象。,entailment
胸腔内有出血的证据吗？,此外，没有纵隔血肿的证据。,entailment
有出血的迹象吗？,发现：没有急性颅内出血，正常中线结构的位移，脑积水，主要或次要的血管领域梗塞。,entailment
胸部有任何骨折吗？,印象：没有胸部创伤的证据。,entailment
胸部有没有骨折？,未发现错位的肋骨骨折。,entailment
经过胸腔穿刺后，有没有出现任何新的异常情况？,血管呈现朦胧状态。,not_entailment
胸部X光上是否有任何东西可以解释呼吸急促？,肺容量低。,entailment
有狭窄病的证据吗？,存在一个小的右侧胸腔积液。,not_entailment
是否存在纵隔移位和/或气胸？,没有肺气胸。,entailment
右侧内颈静脉中心线的位置是什么？,已经插入新的右侧IJ中心线，其尖端在中央下腔静脉中部位置正确。,entailment
有没有出现胸腔积液的迹象？,印象： 与[**6-11**]比较的正侧胸部: 双侧胸腔积液量中等，左侧大于右侧，与[**6-11**]比较，左侧略有增加，右侧稳定。,entailment
是否有剩余使用寿命不透明度的迹象？,没有胸腔积液。,not_entailment
肺部图片上显示出肺泡间有任何液体吗？,印象：无明确的充血性心力衰竭。,entailment
有CAD的任何迹象吗？,与[**2153-11-8**]的研究相比，没有显著的变化。,not_entailment
胸部有任何骨折吗？,心脏纵隔剪影在稳定的配置中。,not_entailment
在肠系膜上动脉中有任何焦点性或弥漫性的动脉粥样硬化斑块吗？,印象：腹腔动脉和肠系膜上动脉通畅，超声未显示有狭窄的证据。,entailment
右侧IJ线是否正确放置？,2）新的右颈内静脉线和口咽胃管看起来位置良好。,entailment
PICC线放置手术操作容易吗？,然后将针替换为导入器鞘。,not_entailment
胸部有阻塞吗？,没有气胸。,not_entailment
颅内组织是否因出血而受到损害？,印象：无急性颅内异常。,entailment
起搏器的位置是什么？,该患者已进行过冠状动脉旁路移植手术。,not_entailment
腹部X光片上的肾脏显示正常吗？,请注意，这部影片中没有包含骨盆。,not_entailment
出血性肿块的大小有变化吗？,发现：与前几天的研究相比，右侧顶叶脑实质内出血与周围水肿的表现稳定。,entailment
新的L IJ导管放置好了吗？,印象：------左侧内静脉导管在上腔静脉中。,entailment
NG管看起来在哪里？,NG管导管终止在横膈膜以下。,entailment
心肌是否显示出任何异常？,印象：没有放射性证据显示急性心肺过程，包括充血性心力衰竭。,entailment
有没有任何间隔变化？,最终报告 指示：气管拔管后的卫生防护检查，评估间隔变化。,not_entailment
头部CT显示出任何出血吗？,技术：无对比剂头部CT。,not_entailment
是否存在RUL不透明度的迹象？,建议进行后续跟进。,not_entailment
肺的某些叶是否显示了塌陷的迹象？,印象：双侧通气改善。,entailment
CT上的大脑看起来是什么样的？,技术：未使用静脉对比剂的大脑CT扫描。,not_entailment
颅内组织是否因出血而受损？,没有质量效应或正常中线结构的移位。,not_entailment
有任何间质性浸润吗？,与之前的研究相比，充血性心力衰竭(CHF)有了轻微的改善。,entailment
肺炎的状况有间隔性的改变吗？,印象：肺部浸润比以前更广泛，但强度较低。,entailment
有急性过程的证据吗？,存在轻度的亚段性肺不张，尤其在右肺底部最为显著。,not_entailment
有没有任何充血性心力衰竭的迹象？,印象：1）心力衰竭恶化。,entailment
右侧脑内出血看起来是什么样子的？,在梯度回波图像上，右顶叶和左侧丘脑内有大面积的脑实质内出血，注射钆剂后呈现出环状增强病变。,entailment
我们看到任何肺水肿了吗？,肺部清晰。,entailment
有没有急性心肺过程的证据？,左下肺叶的混浊可能是由于肺不张，但不能完全排除叠加感染的可能性。,entailment
静脉映射完成了吗？,左侧头静脉在肘窝区部分血栓形成。,not_entailment
胸腔穿刺术是否在左侧引起了气胸？,影像印象：无肺气胸的证据。,entailment
肺动脉和肺静脉的情况如何？,结论： 1）没有肺栓塞的证据。,entailment
我们能在颈动脉血管中看到任何斑块吗？,右侧的ICA到CCA的比率是1.0，左侧的比率是1.7。,entailment
有肺炎的证据吗？,结论：1) 没有肺栓塞的证据。,not_entailment
胸部X光上的心脏情况如何？,轻度充血性心力衰竭。,entailment
出血性肿块的大小有变化吗？,在左侧丘脑的后内侧边缘，注意到一个额外的2毫米高密度病灶，可能是出血，周围有水肿。,not_entailment
我们在肺部看到任何炎症过程吗？,译文：影像学印象：恶化的PC肺炎。,entailment
有肺部浸润症状吗？,对肺部的评估揭示了广泛的磨砂玻璃样不透明和许多光滑增厚的隔膜线。,entailment
GI出血有没有任何恶化？,没有固定化或胸腔积液。,not_entailment
中心静脉导管是否在目标位置？,这条线展示了正确的路径，线的顶端超出了中央上腔静脉的中点。,entailment
左侧胸部的迷走神经刺激器是否完好无损？,正面视图上没有显示主动脉狭窄后显著扩张的证据。,not_entailment
上肢的静脉情况如何？,报告中描述了对右侧头静脉和左侧肱静脉的评估，报告日期为[**2155-6-9**]。,not_entailment
静脉映射完成了吗？,最终报告 历史：下肢静脉映射。,not_entailment
中央线的当前位置是什么？,发现：可以看到右侧内颈静脉导管，其尖端在下腔静脉与心耳交界处附近。,entailment
有没有任何骨折的证据？,没有显著的骨折碎片移位。,not_entailment
有没有任何牙菌斑的证据？,在任何一侧都没有显著狭窄的证据。,entailment
NGT放置得正确吗？,NG管导管终止在横膈膜以下。,entailment
气管插管的放置情况如何？,印象：1）ET管尖处在良好位置，距离隆突上方2厘米。,entailment
你找到了气胸的证据吗？,发现：胸部的单一正面视图。,not_entailment
胃鼻管的尖端在哪里？,鼻胃管置入。,not_entailment
肺部是否出现了较少或较小的实变区?,双侧肺部不透明度有轻微改善。,entailment
在肠系膜上动脉内部是否有任何阻塞？,主动脉的直径正常。,not_entailment
左侧内颈静脉导管尖端是否位于上腔静脉中？,发现：气管插管、右侧颈内静脉导管、鼻胃管的位置都没有改变。,not_entailment
出血性团块的大小有变化吗？,心室在外观上是稳定的。,not_entailment
有肾积水吗？,没有肾积水的证据。,entailment
有出血的迹象吗？,没有急性颅内出血。,entailment
肺血管里有没有任何血栓？,没有病理性增大的纵隔、肺门或腋窝淋巴结。,not_entailment
有肾积水吗？,印象：1）无肾积水的证据。,entailment
PICC是否被放置在左臂？,印象：通过左侧肱静脉成功放置了42厘米长的PICC，尖端位于下腔静脉的下部。,entailment
出血是否已经稳定？,发现：与前几天的研究相比，右顶叶脑实质内出血及其周围的水肿的表现稳定。,entailment
有PE的证据吗？,肝脏存在轻度脂肪浸润。,not_entailment
病人的胸腔内是否有新的液体积聚？,印象：与[**6-11**]相比的胸部正侧位：中等量双侧胸腔积液，左侧大于右侧，与[**6-11**]相比，左侧略有增加，右侧稳定。,entailment
手指有没有骨折？,评估是否有骨折。,not_entailment
气管插管是否畅通？,AP仰卧胸部X光片：观察到一根气管插管，其尖端位于右主支气管的口部。,not_entailment
DOE的进展是什么？,看不到气胸。,not_entailment
我们是否看到了肋膈角的消失？,可以看到小的双侧胸腔积液。,entailment
病人能正常地吞咽内容物吗？,没有观察到在吞咽蜜糖、布丁或饼干状食物时，会有口咽部残留或吸入现象。,entailment
EP研究后，腹膜后是否看起来正常？,脾脏看起来正常，但脾动脉的钙化明显。,not_entailment
肺部有任何弥漫性的不透明度吗？,印象：单侧AP胸部视图上未见到吸入性肺炎的证据。,entailment
大脑是否显示出任何具有不同结构的异常质块？,最终报告  检查：使用和不使用钆剂的脑部MRI检查。,not_entailment
有肺炎的任何迹象吗？,再次看到的是弥漫性间质和肺泡浸润，基本上没有改变。,entailment
有没有肺炎的证据？,存在双侧不清楚的地玻璃样模糊区域，以及在肺部基底有更连续的实变区域。,entailment
下肢的静脉情况如何？,专利的大隐静脉和小隐静脉。,entailment
有没有CHF（充血性心力衰竭）的证据？,CT胸部静脉造影：没有肺栓塞的证据。,not_entailment
左锁骨下中心线的位置是什么？,可以看到新的左侧锁骨下中央静脉管线，其尖端位于中上部的优越静脉中。,entailment
左侧胸部的迷走神经刺激器是否完好？,在肋骨骨折附近发现了一个手术夹，这引起了对该伤害可能与之前的手术干预有关的怀疑。,not_entailment
右侧内颈静脉中心线的位置是什么？,心脏并未明显增大。,not_entailment
什么是气管插管的位置？,气管插管的气囊轻微膨胀，超出了气管的直径。,not_entailment
有没有心力衰竭的证据？,肝脏存在轻度脂肪浸润。,not_entailment
在这个期间，肺炎有任何变化吗？,心脏纵隔剪影无异常。,not_entailment
肺部的间质空间怎么样？,存在一根ET管，其位置在隆突之上，位置满意。,not_entailment
有没有腹腔内阻塞的迹象？,胆囊、脾、胰腺、肾上腺、肾、胃以及腹腔内的大肠和小肠环都无异常。,entailment
ETT是否在正确的位置？,发现：与[**3-8**]的研究比较，气管插管现在大约位于隆突上方2.4厘米的位置。,entailment
胸腔内是否有出血的证据？,存在结肠憩室病，但没有结肠憩室炎的证据。,not_entailment
腹部是否有任何异常充液的肿块？,骨盆中有少量的自由液体。,not_entailment
腹部内有没有任何异常的充满液体的肿块？,带造影剂的腹部 CT：两肺中有广泛的实变和磨砂玻璃样不透明度，与PCP（肺囊虫病）相符。,not_entailment
膈下是否有任何气体积聚？,心脏剪影在正常范围内，且主动脉有轻微的扭曲。,not_entailment
肺血管中有任何血栓吗？,这些发现与肺水肿模式一致。,not_entailment
CT上的大脑看起来是什么样的？,发现：没有颅内出血。,entailment
头部CT扫描显示出任何出血吗？,"最终报告
研究：无对比剂的头部CT检查。",not_entailment
肺部是否有任何新的渗透物的证据？,没有气胸。,not_entailment
右侧大隐静脉的状况如何？,收获了大隐静脉的剩余部分。,not_entailment
上肢的静脉状况如何？,专利的右侧基础静脉近侧部分。,entailment
肺气胸是否存在？,无气胸。,entailment
胸痛位于哪个位置？,肺血管正常，侧面和后部的胸膜窦也未被阻塞。,not_entailment
随着时间的推移，网状间质混浊有没有任何变化？,这些在间隔期内没有发生改变。,entailment
有肺气胸的迹象吗？,已记录外部起搏贴片。,not_entailment
胸腔内有出血的证据吗？,结肠憩室病，但无憩室炎的证据。,not_entailment
肺部有没有任何异常？,没有可供比较的先前研究。,not_entailment
有深静脉血栓形成的证据吗？,未发现腔内血栓。,entailment
我们在肺间质空间里看到任何液体、血液或脓液吗?,胸部正位AP观察：肺部清晰，没有局部不透明。,entailment
右侧大隐静脉的情况如何？,未能观察到大隐静脉的中段，这与其被采集的历史相符。,entailment
肺部在拔除气管插管后有没有出现更多的渗透灶？,印象：由PCP导致的双肺不透明度有所改善。,entailment
胸痛与迷走神经刺激器有关吗？,显然，这代表迷走神经刺激器。,not_entailment
骨头里有任何缺陷吗？,存在多个面部骨折，这些骨折在同一日期的鼻窦CT中被详细描述。,entailment
胸部X光上导线的位置在哪里？,印象：永久性心脏起搏器和心房和心室导线的放置满意，无肺气胸的迹象。,entailment
有没有骨质缺损的证据？,印象：未检测到急性骨折或创伤性错位。,entailment
什么是气管插管位置？,印象：气管插管位置良好，大约在隆突上方2厘米的位置。,entailment
肺间质空间看起来正常吗？,肺血管正常。,not_entailment
超声波检查显示胆囊周围有任何液体积聚吗？,在横隔下肝空间中，靠近结肠韧带和胆囊窝的部分可以看到少量集中的体液。,entailment
经过胸腔穿刺术后，有没有出现新的异常情况？,印象：与[**2155-11-29**]相比，心脏肥大伴随着恶化的充血性心力衰竭和双侧胸腔积液。,entailment
左侧胸壁有任何异常吗？,印象：存在迷走神经刺激器，左侧肋骨旧有的已愈合骨折，但在有胸壁疼痛的患者中未见其他胸壁异常。,entailment
你找到了CHF的证据吗？,印象：轻度心脏肥大伴有肺血管重新分布。,entailment
胸部X光显示了什么？,印象：放射性证据显示患有充血性心力衰竭(CHF)。,entailment
右侧IJ线是否正确定位？,现在在左肺以及右肺下叶和可能的中叶，不明确的斑片状肺浸润正在恶化。,not_entailment
我们在右和左上肢的静脉中看到任何血栓吗？,在肘窝水平处，可以看到右侧肱静脉的近端部分。,not_entailment
PICC线是否放置在左臂？,由于没有发现适合的浅表静脉，因此进行了左上肢的超声检查，结果显示左肱静脉是通畅的并且可以被压缩的。,entailment
肺部有任何新的渗透物的证据吗？,鼻胃管和气管插管的位置都很满意。,not_entailment
在抽胸腔穿刺术后，有任何新的异常情况吗？,没有肺气胸的证据。,not_entailment
右内颈静脉中心线的位置是什么？,评估右侧IJ中心线的位置。,not_entailment
液体收集存在吗？,针对[**姓名(NI)211**]靠近斜向手术切口区域的定向超声成像，显示出一个椭圆形的液体积聚物，横断面测量为2.4 x 3.7 cm，从中腹部延伸至低盆腔，顺脊向尺寸至少为20 cm。,entailment
鼻胃管的尖端在哪里？,发现有脊柱侧弯。,not_entailment
有PE的证据吗？,存在一个小的血管前淋巴结。,not_entailment
胆汁通过胆道树的流动情况如何？,主门静脉中可见肝向血液流动。,not_entailment
是否有RUL不透明的迹象？,右上肺叶的不明确阴影持续存在，位于第二和第三前部右肋骨之间。,entailment
右侧乌头静脉穿刺导管的远端尖端在哪里？,发现：前文的初步报告中已述及留置设备的位置。,not_entailment
有狭窄病症的证据吗？,胰腺无明显异常。,not_entailment
有CHF的证据吗？,评估是否有充血性心力衰竭。,not_entailment
有没有肺水肿的证据？,心脏大小稳定在正常上限范围内。,not_entailment
胸腔内有出血的迹象吗？,没有主动脉夹层或动脉瘤的证据。,not_entailment
肺部有任何液体吗？,印象：恶化的PC肺炎。,entailment
这张肺部影像和之前的X光片相比有何变化？,自上次研究以来，浸润的强度已经减弱。,entailment
肺血管内是否有任何血栓？,胸部 CT 扫描带静脉造影：没有肺栓塞的证据。,entailment
出血的大小是多少？,中线结构没有移位。,not_entailment
胸部X光上的导线位置在哪里？,由于病人的手臂放置位置不理想，胸骨后清晰空间的显示不佳。,not_entailment
左锁骨下中心线是否在期望的位置和地点？,也可以看到左侧PICC（经皮肺静脉置管术），其管尖位于上腔静脉的上部。,not_entailment
肺部浸润看起来是什么样的？,印象：右上肺部有可疑的圆形不透明度。,entailment
血肿有没有增大？,发现：右侧额叶脑实质内血肿稳定，大约测量为5.6 x 3.0厘米。,entailment
在这个时间段内，PCP有任何变化吗？,双侧肺不透明度有轻微改善。,entailment
肺部有任何炎症的迹象吗？,无法识别出肺部、血管充血或新的实质性浸润。,entailment
我们是否在右侧和左侧上肢的静脉中看到任何血栓？,专利右基础静脉的近端部分。,not_entailment
ET管的位置如预期吗？,ET管尖位于右主支气管口。,not_entailment
是否可见左侧喉返神经的增厚？,在左侧喉返神经的路径上没有显示出大面积病变或质量效应的迹象。,entailment
是否有胸腔积液恶化的情况？,增加的双侧胸腔积液。,entailment
有没有任何积液的证据？,印象：中度左侧胸腔积液状况未改变。,entailment
手指有没有骨折？,印象：正在愈合的第四个中指骨远侧部分的骨折。,entailment
EP研究后，腹膜后是否看起来正常？,印象：1）没有后腹膜血肿的证据。,entailment
出血是否已经稳定？,印象：右顶叶和左侧丘脑的出血表现稳定，这可能表明这位已知有肺癌脑转移的病人可能发生了出血性转移。,entailment
这根迷走神经刺激器的线路在吗？,颈椎，两视图：存在一个电子引线设备，带有四个独立的金属电极，覆盖在T1和T2椎体的左侧横突上，在侧视图上，它们显现出在C7和T1前方的软组织上。,entailment
有没有新的肺部浸润？,印象：双侧通气改善。,entailment
肺部内有渗透物的证据吗？,可能的右上肺部位固化区域。,not_entailment
肺实质清晰吗？,存在持续的双侧弥散性肺泡不透明度，左侧比右侧更严重。,entailment
有没有任何腹腔内脓肿的迹象？,2) 没有腹腔内脓肿的证据。,entailment
鼻胃管的尖端在哪里？,发现：病人已接受过中位胸骨切开术。,not_entailment
GSV的状态是什么？,存疑地，右较大隐静脉的远端部分有一个小的专利。,not_entailment
胸部X光上有没有可以解释呼吸短促的情况？,肺部血流存在轻微的上区再分布，但没有明显的肺水肿。,not_entailment
PICC线是否放置在左臂中？,该区域已按照常规无菌方式进行了准备和覆盖。,not_entailment
右侧的IJ线是否正确放置？,气管内插管和左锁骨下中心线保持在满意的位置。,not_entailment
天鹅放置得正确吗？,呈现肋膈角钝化。,not_entailment
还有更多的渗透者吗？,存在广泛的双侧空气间隙浸润，左侧稍微更明显。,not_entailment
有没有新的肺部浸润？,存在散在的双侧不透明度，与之前的研究相比已有所改善。,entailment
右侧乌头静脉穿刺中心静脉导管的远侧尖端在哪里？,湿阅读：EAGg 星期五 [**2126-7-19**] 下午5:54   右侧PICC的末端位于上至中部的优势静脉。,entailment
ET管的位置如预期那样吗？,气管插管位置过低，尖端处于右主支气管口；应该部分抽出。,entailment
肺动脉和肺静脉的状况如何？,这些发现与肺水肿模式相符。,not_entailment
我们是否看到由于中心静脉插管导致的胸膜损伤？,患者已接受了右侧中心静脉通路置管。,not_entailment
有肺气胸的迹象吗？,印象：左侧起搏器植入后无肺气胸。,entailment
GI道有无不活动的迹象？,没有任何涂满、布丁或饼干状的口咽残留物或吸入。,entailment
胸膜腔内还有剩余的液体吗？,已经减少了左侧胸腔积液的间隔。,entailment
肺部有任何液体吗？,存在不断恶化的双侧弥漫性模糊浸润，这与恶化的PCP [**姓名初始(PRE) 8079**]一致。,entailment
膈下是否有任何气体集聚？,在左侧基底部分可见轻微的肺不张变化，但没有急性肺炎、血管充血或胸腔积液的证据。,not_entailment
间质液的量减少了吗？,便携式胸部X线：提供了胸部的单一正位视图。,not_entailment
右侧大隐静脉的情况如何？,正确的较小的隐静脉虽小但是通畅的。,not_entailment
现在额部血肿的大小是多少？,心室的大小正常，右侧侧脑室的额部（姓氏383医生）上看到的质量效应非常小。,not_entailment
自上次以来，肺部情况有所改善吗？,这些并没有发生显著的变化。,entailment
上肢的静脉状况如何？,正确的基础静脉在肘窝部位的近端范围内被观察到。,entailment
胃鼻管的尖端在哪里？,该信息已与转诊医生，[**姓氏（姓名模式4）**]进行了沟通。,not_entailment
有肺水肿的证据吗？,印象：轻度心脏扩大伴肺部血管重分布。,entailment
静脉映射完成了吗？,发现：左大隐静脉和左小隐静脉的灰阶超声波显示这些静脉通畅。,entailment
有心力衰竭的迹象吗？,心脏大小正常。,entailment
胃鼻管的尖端在哪里？,记录了轻度心脏肥大。,not_entailment
大脑是否显示出具有不同结构的任何异常块状物？,技术：按照标准部门协议，使用钆剂进行脑部的多平面T1和T2加权图像。,not_entailment
肺部内是否有渗透的证据？,患者为CABG术后状态，且存在左心室突出。,not_entailment
我们在胸部侧面X光照片上看到任何右上叶不透明度吗？,右上肺叶不明确的密度增高在第二和第三前右肋骨之间持久出现。,entailment
ETT是否放置正确？,气管插管位置过低，尖端位于右主支气管口；应该部分撤出。,entailment
肺部有任何感染的迹象吗？,存在轻微的亚段性肺不张，尤其在右侧肺底部最为显著。,not_entailment
我们是否在肺部看到任何炎症过程？,心脏和纵隔轮廓在间隔期内没有改变。,not_entailment
我们在肺部看到任何液体了吗？,左心室突出，没有心力衰竭的迹象。,entailment
有肺炎的证据吗？,评估可能的吸入性肺炎。,not_entailment
ET管的位置如预期吗？,鼻胃管的位置是其侧孔位于中段食道，而其尖端也位于中段食道。,not_entailment
肺部内是否有渗透物的证据？,印象：无急性心肺异常。,entailment
心脏的大小如何？,肺部其他部分清晰无异常。,not_entailment
胆囊穿刺造瘘管是否完整？,穿刺胆囊造瘘导管的末端位于胆囊底。,entailment
具有高浸润密度的叶是什么？,肺部的其余部分无明显异常。,not_entailment
我们在肝脏里看到任何肿块吗？,在这些有限的观察中，未发现显著的肝脏病变。,entailment
气管插管的末端是否在隔肺片以上？,2) 新的鼻胃管，终止于胃底部。,not_entailment
左侧胸部的迷走神经刺激器是否完好无损？,发现：正侧位胸部视图显示左前胸壁位置存在一个电子胶囊。,entailment
在肠系膜上动脉中有任何局部或弥漫性的动脉硬化斑块吗？,髂腹主动脉和肠系膜上动脉通畅无阻，多普勒评估显示正常的频谱流动和正常范围内的速度。,entailment
肺部内部是否有渗透物的证据？,右上肺有斑片状不透明区，可能与感染过程有关。,not_entailment
PICC是否被放置在左臂？,然后，PICC沿着导引丝通过鞘管进入。,not_entailment
胆囊切除术管是否放置正确？,穿刺胆囊造瘘管的末端位于胆囊底。,entailment
有胸腔积液恶化的情况吗？,没有气胸。,not_entailment
是否可以看到左侧喉返神经的增厚？,左侧声带在真声带水平上存在轻微的不对称性，但没有明显肿块的证据。,not_entailment
胸腔内是否有出血的证据？,对邻近脾脏的脾小体的偶然记录作出了笔记。,not_entailment
下肢的静脉怎么样？,建议在从上肢去除静脉线后重复此研究。,not_entailment
有没有胸腔积液恶化的情况？,双侧胸腔积液稍有增多。,entailment
PICC线放置程序是否容易？,由于未能识别出合适的浅静脉，因此对左上肢进行了超声波检查，结果显示左肱静脉是通畅且可压迫的。,entailment
心脏的大小如何？,印象：轻度心脏肥大伴肺血管重新分布。,entailment
大脑是否显示出任何具有不同结构的异常质块？,在梯度回波影像中，在右顶叶和左侧丘脑内有一大片脑实质内出血，使用钆酸盐后，能显示出环状增强的病变。,entailment
插管拔除后，肺部是否显示出更多的浸润灶？,双肺不透明度有间隔性的改善，尤其是在右肺底部最为显著。,entailment
肺部浸润是否有所减少？,印象：持续的双侧间质性病变，伴有如前所述的双侧线状和圆盘状肺不张。,entailment
胸部X光片上是否注意到任何间隔性变化？,胸部X光，便携式正位   对比：[**2184-2-19**]。,not_entailment
你找到了呼吸急促的原因吗？,存在低肺容量。,entailment
天鹅的摆放位置满意吗？,肋膈角变钝。,not_entailment
气管插管的位置如何？,新的ET（气管插管）管尖位置满意，位于隆突上方2厘米处。,entailment
有没有充血性心力衰竭的证据？,存在散在的双侧间隔增厚，伴有磨砂玻璃样混浊区和被动性肺不张，主要位于基底部位。,entailment
在胸膜组织之间有空气吗？,没有气胸。,entailment
什么是气管插管的位置？,AP直立式便携胸部x线：已经间隔插入一个气管插管，它位于隆突上方约2厘米处，位置看似良好。,entailment
PICC线置入手术容易吗？,印象：通过左侧肱静脉成功放置了长度为42厘米的PICC，其尖端终止在下腔静脉。,entailment
左侧上肢的深静脉中是否有任何血栓？,最终报告 指示：左上肢水肿。,not_entailment
胸壁有受伤吗？,在左肺底部存在最小的线性密度，不确定是代表急性过程还是瘢痕。,not_entailment
ETT管是否放置在正确的位置？,看到右侧内颈静脉中心静脉导管处于稳定位置，起源于中上腔静脉。,not_entailment
是否存在肠系膜上动脉的阻塞？,发现：肝脏的大小和回声性均正常，没有局部病变。,not_entailment
ET管的位置如预期吗？,评估气管插管位置。,not_entailment
结肠是否似乎有粘连或阻塞？,胆囊、脾脏、胰腺、肾上腺、肾脏、胃以及腹腔内的大小肠回肠无显著异常。,entailment
X射线是否仍然显示弥漫性肺门网状间质混浊？,存在双侧模糊的磨砂玻璃般不透明度与网状改变的模式。,entailment
天鹅的摆放位置满意吗？,病人已进行过冠状动脉旁路移植手术。,not_entailment
胃肠管的位置如何？,相比于对同一日期进行的早些时候的研究。,not_entailment
肺炎是否恶化了？,自上次检查以来，整体外观没有发生变化。,entailment
有没有任何积液的证据？,存在最小程度的右侧胸腔积液。,not_entailment
肺的某些叶片是否显示出塌陷的迹象？,没有气胸。,entailment
右侧IJ线是否正确定位？,心脏没有明显扩大。,not_entailment
我们能看到任何阻碍喉返神经路径的颈部肿块吗？,评估反复喉神经的走向。,not_entailment
肺部是否看起来没有间质液体？,印象：1）心力衰竭情况恶化。,entailment
肾脏的血液流动是否受到阻碍？,左肾的尺寸为9.5厘米。,not_entailment
气管插管的末端在隔軟骨之上吗？,一个ETT已放置好，终止于隆突附近。,entailment
右侧内颈静脉中心线的位置是什么？,注明有一根口胃管，其尖端位置恰好在胃的中部。,not_entailment
胸部X光片上的磨砂玻璃般的不透明度是否已经降低了？,影像结果：1）双侧广泛的空气空间混浊，与先前的研究相比，考虑到技术方法的差异，没有显著变化。,entailment
还有渗透者存在吗？,印象：改善的肺水肿，由于肺静脉压力增高，仍存在间质模式。,entailment
肺部弥漫性康复期不透明度有任何变化吗？,双侧肺部浑浊度有轻微改善。,entailment
胸部X光片上的心脏情况如何？,胸主动脉发生了钙化。,not_entailment
出血性肿块的大小有变化吗？,印象：右顶叶和左侧丘脑的出血病变稳定，这引起了对该病人的出血性转移的担忧，该病人已知有肺癌脑部转移。,entailment
心脏的大小怎么样？,存在轻度心脏扩大，并且上肺区的肺血管有些突出。,entailment
GI道是否有任何不动的迹象？,印象：微量吸入薄稀度物质。,entailment
有没有任何硬脑膜下或蛛网膜下出血的迹象？,发现：没有急性出血、肿块病变、正常中线结构的移位、脑积水或主要领域梗塞的证据。,entailment
肾脏看起来像什么？,印象： 1）没有肾积水的证据。,entailment
起搏器的位置是什么？,发现：双导起搏器的位置没有变化。,not_entailment
有骨折的证据吗？,发现：第四中指骨折正在愈合中。,entailment
在肠系膜上动脉中有任何局部或弥漫性的动脉硬化斑块吗？,两个肾脏大小正常，回声强度也正常，无肾积水或结石。,not_entailment
有没有肠道扩张的证据？,问题：肠道扩张。,not_entailment
右侧内颈静脉中心线的位置是什么？,气管内插管和左锁骨下中心线的位置仍然满意。,not_entailment
胆汁通过胆道树的流动情况如何？,发现：肝脏外观正常。,not_entailment
我们看到任何肺水肿了吗？,印象：无放射性证据显示急性心肺过程，包括充血性心力衰竭。,entailment
我们是否看到远侧指骨有任何骨折？,印象：第四中指骨远侧部分恢复中的骨折。,entailment
有心脏肥大吗？,没有出现气胸。,not_entailment
我们在胸部X光侧视图上看到右上叶有任何不透明度吗？,"最终报告  胸部正侧视图
检查原因：发热和咳嗽，疑似吸入性肺炎，评估右上肺叶不透明度。",not_entailment
是否有急性心肺过程的证据？,存在小量左侧胸腔积液。,not_entailment
肺部的间质空间情况如何？,再次观察到弥漫性间质和肺泡浸润，基本上没有变化。,entailment
左侧胸部的迷走神经刺激器是否完好？,与[**2100-12-15**]的上一次胸部检查比较，确认了这些钙化斑的存在。,not_entailment
PICC线置入手术容易吗？,该区域已按通常的无菌方式进行了准备和覆盖。,not_entailment
呼吸困难的恶化有什么原因吗？,印象：放射学证据显示有充血性心力衰竭（CHF）。,entailment
骨头里有任何缺陷吗？,在同一日期的鼻窦CT中详细描述了多处面部骨折。,entailment
在放置锁骨下起搏器时，有没有因为创伤导致的气胸病例？,没有胸腔积液或气胸。,entailment
有胆汁淤积的迹象吗？,没有证据显示存在肝内或肝外胆管扩张，共同胆管的测量尺寸为6毫米。,entailment
有肺气胸的证据吗？,没有肺气胸或其他并发症的证据。,entailment
肺部有任何渴望的迹象吗？,印象：胸部的放射影像表现稳定。,entailment
患者的头部是否有局限性出血？,在左侧丘脑的后内侧边缘，观察到额外的2毫米高密度病灶，可能是出血，周围有水肿。,not_entailment
肺部有任何异常吗？,胸部，单视图：心脏、纵隔和肺门轮廓正常无特殊。,not_entailment
脊柱上有任何骨质缺陷吗？,软组织在正常范围内。,not_entailment
大脑实质中有任何异常吗？,印象：没有急性颅内损伤的证据。,entailment
下肢的静脉状况怎么样？,发现：左大隐静脉和左小隐静脉的灰阶超声显示这些静脉是通畅的。,entailment
Dobhoff管是否正确放置？,这个信息已经传达给了治疗团队。,not_entailment
我们是否看到任何导致胸膜周围空间积气的创伤？,印象：胸部无创伤性伤害的证据。,entailment
有没有腹腔内脓肿的迹象？,已识别出[**Name10 (NameIs) **]的肝脏局部病变。,entailment
肺部看起来是否没有间质性液体？,最终报告： 日期为[**2155-10-16**]的便携式胸部放射线照片。,not_entailment
我们在胸部X光片上看到任何新的渗透性病变吗？,未发现新的或进展性的异常来暗示有第二感染部位。,entailment
肺部的图片上显示有任何液体在肺泡间隙中吗？,没有明确的充血性心力衰竭。,entailment
有CHF（充血性心力衰竭）的证据吗？,印象：无放射性证据显示急性心肺过程，包括充血性心力衰竭。,entailment
有没有任何腹腔脓肿的迹象？,评估是否有脓肿。,not_entailment
ETT放在哪里？,发现：与[**3-8**]的研究相比，气管插管现在大约位于隆突上方2.4厘米的位置。,entailment
左侧内颈静脉导管尖端是否在上腔静脉中？,左侧内颈静脉中心静脉导管已经推进，其尖端位于上腔静脉中。,entailment
右侧大隐静脉的情况如何？,左侧踝臂指数为0.3。,not_entailment
颈动脉血管被阻塞了吗？,右侧的ICA与CCA的比例为1.0，左侧为1.7。,entailment
有肺气胸的证据吗？,存在心脏肥大。,not_entailment
有因气胸导致的纵膈移位吗？,没有气胸。,entailment
有出血的证据吗？,如果高度怀疑有神经系统损伤，MRI检查会更敏感。,not_entailment
肺部的图片看起来像什么？,可能轻度的充血性心力衰竭，但没有明显的肺水肿且没有肺炎的证据。,entailment
内气管插管的位置是什么？,可以看到右侧内颈静脉中心静脉导管在稳定的位置，始于上腔静脉的中部。,not_entailment
在胸膜组织之间有空气吗？,没有气胸。,entailment
肺部血管里有没有血栓？,肝脏存在轻度脂肪浸润。,not_entailment
下肢的静脉情况怎么样？,右侧头静脉的剩余部分通畅，显示的直径为0.41，0.2，0.27，0.21和0.2。,not_entailment
有骨折的证据吗?,评估是否有骨折。,not_entailment
左上肢的深层静脉中是否有任何血栓？,未发现腔内血栓。,entailment
有没有肺部新的浸润的证据？,左侧内静脉导管的尖端位于左侧锁骨下脉。,not_entailment
腹部有没有任何异常充液的肿块？,没有阑尾炎或者自由腹膜内空气的证据。,not_entailment
铅是否从预期位置脱落了？,发现：双导心脏起搏器的位置未发生变化。,entailment
有RUL不透明的迹象吗？,印象：持续存在的右上肺叶不透明。,entailment
有PE（肺栓塞）的证据吗？,结论：1) 无肺栓塞证据。,entailment
肺部是否有任何渗透的迹象？,再次观察到的是弥漫性间质和肺泡浸润，基本上没有变化。,entailment
你找到了CHF的证据吗？,发现：已进行了肺动脉导管的间歇性移除。,not_entailment
我们是否看到由于中心静脉插管引起的胸膜受损？,"终期报告 胸部X光片：
指示：新的中心静脉通路线，创伤，肺气胸的评估。",not_entailment
有没有任何肠道扩大的证据？,存在明显的轻度肠壁增厚区域，涉及横结肠和肝曲。,not_entailment
有CHF的证据吗？,没有存在气胸。,not_entailment
渗透物之间有任何差别吗？,印象：改善的肺水肿，由于肺静脉压力升高，仍存在间质型样。,entailment
胸部X光上的导线的位置是什么？,存在一个永久起搏器，其导线端部位于右心室和右心房。,entailment
PICC是否放置在左臂？,根据导引线上的标记，PICC被修剪到42厘米的长度。,not_entailment
是否有CHF的证据？,结论：1) 没有肺栓塞的证据。,not_entailment
ETT管道是否放置正确？,NG管在胃底部呈螺旋状，远端尖端朝向头部方向。,not_entailment
有没有纵隔移位和/或气胸？,无气胸。,entailment
骨头里有任何缺陷吗？,在额骨前方检测到小的皮下血肿，未发现异物。,not_entailment
有心脏肥大吗？,印象：没有放射学证据显示急性心肺病变，包括充血性心力衰竭。,entailment
肺部的图片看起来像什么？,肺容量偏低。,entailment
胆囊区域内有任何瘘管吗？,印象：无泄漏或瘘道的证据。,entailment
大脑实质中有任何异常吗？,没有质量效应或正常中线结构的位移。,not_entailment
我们在颈动脉血管中看到任何斑块吗？,两侧的椎动脉内的血流方向都是顺行的。,not_entailment
鼻胃管的尖端在哪里？,鼻胃管正在左半膈下方流动。,entailment
有骨折的证据吗？,印象：正在愈合的四号中骨指远端的骨折。,entailment
右侧大隐静脉的状况如何？,右侧大隐静脉的远侧部分显示得不确定，其直径为0.05和0.09厘米。,not_entailment
我们有没有看到肋膈角的消失？,存在小的双侧胸腔积液。,entailment
胸部X光检查有任何异常发现吗？,左下肺叶的不透明区可能是由于肺不张，但叠加感染不能完全排除。,entailment
迷走神经刺激器电缆的位置在哪里？,评估迷走神经刺激器电缆的正侧位观察。,not_entailment
大脑内部有任何病理学变化吗？,发现：在弥散加权图像上，左侧枕颞叶骶部的小区域存在限制性扩散。,entailment
胆管内有任何感染或出血吗？,心脏轮廓在正常范围内，并且主动脉有轻微的扭曲。,not_entailment
这里的渗透物有任何差别吗？,在之前的影像中看到的密实度有所改善，当前的影像上显示出间质样图案。,not_entailment
腹部放射影像上的肾脏呈现正常吗？,PACS记录中没有之前的腹部影像资料。,not_entailment
肺部血管中有任何血栓吗？,存在双侧小型胸腔积液。,not_entailment
静脉映射完成了吗？,专利左侧头静脉。,not_entailment
左侧胸部的迷走神经刺激器是否完好无损？,指示：有植入迷走神经刺激器的历史。,not_entailment
任何叶片看起来有炎症的肺泡或间质空间吗？,心脏剪影看起来扩大了，但稳定。,not_entailment
有肺气胸的迹象吗？,没有胸腔积液或气胸。,entailment
我们是否看到任何导致胸膜周围空气的创伤？,心脏纵隔剪影呈稳定配置。,not_entailment
间质液的量减少了吗？,这对应于肺水肿的改善。,entailment
经过胸腔穿刺术后，胸腔积液有减少吗？,印象：与[**2155-11-29**]相比，心脏肥大伴有加重的充血性心力衰竭(CHF)和双侧胸腔积液。,entailment
胸痛与迷走神经刺激器有关吗？,在肋骨骨折附近发现了一个手术夹，引发了这种伤害可能与之前的手术干预有关的怀疑。,not_entailment
NGT是否放置正确？,印象：鼻胃管位置良好。,entailment
胸痛位于哪里？,患者有左侧胸部疼痛。,entailment
这个气管插管通畅吗？,心脏纵隔影像无异常。,not_entailment
ETT是否放置正确？,发现：与[**3-8**]的研究比较，气管插管现在大约位于隆突上方2.4厘米的位置。,entailment
CT扫描上的鼻窦情况如何？,技术：未注射对比剂，采用多层螺旋CT （MDCT）轴向获取了鼻窦图像。,not_entailment
大脑内部有任何病理变化吗？,鉴于病人的病史，这些病变疑似为出血性转移瘤。,not_entailment
有狭窄性疾病的证据吗？,没有脾脏肿大。,not_entailment
胸部有阻塞吗？,左肺底部的肺炎无法被排除。,not_entailment
DOE的进展是什么？,胸主动脉有钙化。,not_entailment
你评估了复发性喉神经的过程吗？,在喉返神经的路径上没有质量的证据。,entailment
ETT是否放置正确？,气管插管已放置，并在隆突附近终止。,entailment
静脉映射完成了吗？,右侧肱静脉在肘窝处的近端部位被直视。,not_entailment
GI道中有任何活动出血点吗？,解读：在标记了技术酮红血细胞后，我们在100分钟的时间内进行了胃肠道出血研究。,not_entailment
ETT管是否放置正确？,ET管在颈部弯曲位置下，终止在离隆突2厘米内。,entailment
肺气胸是否存在？,没有气胸。,entailment
ETT是否放置正确？,指示：气管插管位置。,not_entailment
有没有骨折的证据？,印象：左侧远端第四中骨骺无移位关节内直线骨折。,entailment
有鼻中隔血肿的迹象吗？,"怀疑右侧纸板样板层发生了急性骨折（2:42, 40lB:30），然而，未检测到显著的眼锥外血肿。",not_entailment
有任何渗透的迹象吗？,印象：无急性心肺异常。,entailment
胃肠管的位置如何？,一个NG管在胃底部成卷，左侧PICC线和左侧锁骨下血管导管保持在原位，位置未发生改变。,entailment
这句话的翻译是：胸部穿刺线的肋骨级别是什么？,正面胸部AP: 已经移除右侧内颈静脉中心导管，并安置了左侧内颈静脉导管，其终止于中央上腔静脉中部。,entailment
GI里有出血吗？,在任何时候都没有急性胃肠出血的证据。,entailment
胸腔穿刺术是否在左侧引发了气胸？,这项研究中未包括左侧肋膈角。,not_entailment
哪些叶片中有高密度的浸润物？,印象：右上肺存在可疑的圆形不透明度。,entailment
有急性心肺过程的证据吗？,没有明显的气胸存在。,not_entailment
有没有后腹膜出血的迹象？,骨质结构无异常。,not_entailment
胸痛的位置在哪里？,心脏并未显著肿大，并且没有CHF（充血性心力衰竭）的迹象。,not_entailment
肾脏的灌注情况如何？,肾脏超声：右肾测量为10.3厘米。,not_entailment
我们有没有看到由于中心静脉导管而导致的胸膜创伤？,没有肺气胸或其他并发症的证据。,entailment
有任何骨骼骨折吗？,发现：心脏大小正常，且无肺部血流堵塞。,not_entailment
左侧胸壁上有没有任何异常？,在前胸壁中可以看到细线电极，并通向位于Th1和Th2水平的左侧椎旁空间的电极终止点。,not_entailment
GI里有出血吗？,印象：胃肠道出血研究结果为阴性。,not_entailment
ETT是否放置正确？,心脏纵隔剪影无特殊。,not_entailment
是否存在体液积聚？,胆囊窝内存在瘢痕组织和少量液体，但未发现有组织性集合体。,not_entailment
气管插管的位置如何？,2）鼻胃管尖端推进，至少在十二指肠内。,not_entailment
有没有经过胸腔穿刺术后的创伤性气胸的证据？,存在心脏肥大。,not_entailment
有没有出现渗出液的证据？,最小程度的右侧胸膜积液。,not_entailment
我们可以排除任何肺部浸润吗？,考虑到有限的低肺容积技术，没有出现液体积聚或炎症渗透。,entailment
有PE的证据吗？,左侧顶部有一个小水泡。,not_entailment
我们在胸部X光上看到任何新的渗透物吗？,未见到新的或进展性的不透明区域。,entailment
超声波检查显示胆囊周围有无积液？,评估液体收集情况。,not_entailment
这个气管插管通畅吗？,ET管尖位于右主支气管口。,not_entailment
GI中是否有出血的证据？,腹主动脉及其支流存在广泛钙化。,not_entailment
颅内组织是否因出血而受损？,[**医生姓氏181**]的/白质分化得以保留。,not_entailment
有肺炎的证据吗？,无法识别出肺部、血管充血或新的实质浸润。,entailment
OGT是否正确放置？,NG管在胃底部呈环绕状，远侧尖端朝向头侧。,entailment
内插管的位置是什么？,心脏剪影处于正常上限。,not_entailment
胸部X光片上有没有发现任何间隔变化？,气管插管、左侧中心静脉导管和鼻胃管的位置与前一天未有变化。,entailment
我们在左右上肢的静脉中看到任何血栓吗？,左侧头静脉在肘窝区部分血栓形成。,entailment
EP研究后，腹膜后是否看起来正常？,没有腹膜后出血的证据。,entailment
左侧胸部的迷走神经刺激器是否完好？,心脏没有明显增大，也没有CHF（充血性心力衰竭）的证据。,not_entailment
肺部血管中有任何血栓吗？,远端气管中存在依赖性物质，可能是黏液。,not_entailment
铅是否放置正确？,未发现气胸。,not_entailment
左侧胸部的迷走神经刺激器是否完好？,肺血管结构正常，侧向和后向胸膜窦也无异常。,not_entailment
我们在远侧指骨中看到任何骨折吗？,发现：第四个中指骨骼出现了愈合中的骨折。,entailment
在肺部有看到任何渗透物吗？,持续的间质和肺泡浸润，与PCP（肺孢子虫肺炎）相符。,entailment
你在肺部里发现了渗透物吗？,存在一个正在改善的双侧牙槽过程。,entailment
这条线放置正确吗?,正面胸部AP：右侧内颈中心导管已被间歇移除，左侧内颈导管已被安放，其终止在中央上腔静脉的中部。,entailment
有鼻中隔血肿的迹象吗？,检测到右蝶窦内有少量出血层积。,not_entailment
任何叶片看起来都有炎症的肺泡或间质空间吗？,与前一项研究相比，紧邻肺门肿块的肺泡不透明区已经消退。,entailment
胸腔内有出血的证据吗？,在右下肺叶的亚段分支区域，有充盈缺损的迹象，其意义不确定。,not_entailment
肺血管里有没有血栓？,左肺尖部有一个小气泡。,not_entailment
上肢的静脉情况如何？,左侧头静脉显示出在左前肘窝区域存在充填缺陷，这与部分性血栓形成相一致。,not_entailment
ETT的位置是什么？,新的ET（气管插管）管尖的位置满意，位于隆突上方2厘米处。,entailment
PICC线放置程序是否容易？,然后对导管进行了吸引、冲洗、封闭，并进行了肝部锁定。,not_entailment
静脉映射完成了吗？,考试受到了左侧基里克静脉和右侧头浅静脉中静脉插管的明显限制。,not_entailment
GI道中有任何活跃的出血点吗？,在任何时候都没有急性胃肠道出血的任何证据。,entailment
Dobhoff管是否正确放置了？,馈食管的尖端被确认在远端食管里。,entailment
左侧胸部的迷走神经刺激器是否完好无损？,胸腔的骨骼结构无异常。,not_entailment
我们在门静脉中看到任何血栓吗？,在这个限制内，门静脉被注意到是通畅的；然而，波形没有很好地被评估。,entailment
有任何骨折的迹象吗？,印象：没有胸部创伤的证据。,entailment
在胃肠道有出血的证据吗？,附加说明中提到脾旁有一个脾小体。,not_entailment
有腹膜后出血的迹象吗？,盆骨CT无对比剂：没有后腹膜血肿的证据。,not_entailment
出血的大小是多少？,在实质性出血的上方边缘，存在一个形状圆润、成分混杂的焦点，可能代表着一个转移性病变。,not_entailment
在拔管后，肺部有没有任何间隔变化？,最终报告 指标：PCP术后拔管，评估间隔变化。,not_entailment
心脏的大小有任何变化吗？,发现：心脏稳定扩大。,entailment
胆囊穿刺术管是否完好无损？,掉落的胆结石被看见在右腹部上方。,not_entailment
有出血的迹象吗？,印象：没有急性颅内损伤的证据。,entailment
铅是否正确放置？,发现：双导联起搏器的位置未发生改变。,not_entailment
超声波显示胆囊周围有任何液体积聚吗？,胆囊窝内有瘢痕组织和少量液体，但未发现有组织化的集合。,entailment
有心肺过程的迹象吗？,存在中度的左侧胸腔积液，遮挡了左侧下肺叶，尽管有一个关于下肺叶实变区域甚至肺块的建议。,entailment
你在肺部发现了渗透吗？,影像报告：双侧肺泡过程有所改善，可能是由于提供的肺囊虫肺炎病史。,entailment
是否有剩余使用寿命不透明的迹象？,鉴于提供的临床病史，此情况建议可能是吸入性疾病；建议进行后续跟踪。,not_entailment
胸部有阻塞吗？,患者已完成冠状动脉旁路移植手术。,not_entailment
有肺气胸的证据吗？,再次注意到上区的血管重新分布，以及中心血管图像的模糊。,not_entailment
EP研究后，腹膜后区是否看起来正常？,肝脏的外观正常，没有局部病变。,not_entailment
胸部X光上的心脏情况如何？,存在心脏肥大，但与之前的研究相比，大小没有显著变化。,entailment
有心脏肥大吗？,肺血管正常。,not_entailment
PICC线是否放置在左臂？,该线路已经可以使用。,not_entailment
头部CT显示出任何出血吗？,发现：未发现急性颅内出血、正常中线结构偏移、脑积水，或主要或次要的血管领域梗塞。,entailment
头部CT显示出任何出血吗？,没有急性颅内出血。,entailment
间隔变化在肺回虫肺炎中存在吗?,最终报告  指示: 非典型性肺炎，氧合情况差。,not_entailment
大脑里有任何病理学变化吗？,在幕上和幕下腔内可以看到额外的增强环状病变。,not_entailment
线是正确放置的吗？,病人已接受了右侧中心静脉通路插管。,not_entailment
左上肢深部静脉中是否有任何血栓？,左上肢超声检查：进行了[**医生姓氏**]尺度和多普勒声子[**姓名（NI）76**]对左侧颈内静脉、锁骨下静脉、腋静脉、基础静脉、头静脉和肱静脉的检查。,not_entailment
胆汁通过胆道树的流动情况如何？,没有证据显示存在肝内或肝外胆管扩张，共同胆管的尺寸为6毫米。,entailment
气管插管的位置是什么？,气管插管的气囊稍微充气过度。,not_entailment
下肢的静脉状况如何？,对上肢静脉的灰度超声显示，右侧头静脉在肘窝水平出现充盈缺损，与血栓一致。,not_entailment
有没有扩大的结肠的证据？,指示：结肠缺血。,not_entailment
你找到了气胸的证据吗？,印象：没有肺气胸的证据。,entailment
有任何间质浸润吗？,肺部其他部分清晰。,entailment
有充血性心力衰竭的证据吗？,患者是冠状动脉旁路移植术后的状况，且存在左心室突出。,entailment
有没有任何腹腔阻塞的迹象？,没有阑尾炎或自由腹腔空气的证据。,not_entailment
有肺炎的证据吗？,肝脏存在轻度脂肪渗透。,not_entailment
有没有发现任何牙菌斑的证据？,右侧的ICA到CCA的比例是1.0，左侧是1.7。,entailment
有任何肺部浸润吗？,注意到了冠状动脉钙化。,not_entailment
CT扫描上的鼻窦情况如何？,因外伤导致鼻腔和右侧上颌窦内出现出血性产物。,entailment
ET管的位置是否符合预期？,心脏纵隔剪影无异常。,not_entailment
经过胸腔穿刺术后，胸腔积液有没有减少？,他们似乎与之前的研究相比有所增加。,entailment
有胆汁淤积的迹象吗？,印象：右上象限超声波检查正常，未见任何结构异常。,entailment
我们在冠状动脉中看到任何阻塞吗？,印象： 正常研究。,entailment
有肺气胸的证据吗？,没有气胸。,entailment
有心力衰竭的证据吗？,左心室突出，但无心力衰竭的证据。,entailment
是否有胸腔积液的证据？,存在双侧胸腔小量积液。,entailment
还有其他的渗透者吗？,自上次检查以来，整体外观没有发生变化。,entailment
X光片上显示出左侧远端指骨是否有骨折？,印象：左侧远侧第四中指骨无位移关节内线状骨折。,entailment
有没有充血性心力衰竭的证据？,2) 发现符合肺水肿的症状。,entailment
有没有心脏扩大？,心脏是正常的顶级大小。,entailment
左侧胸部的迷走神经刺激器是否完整？,在前一次[**12-15**]的检查中，在右下部疑似存在的密度在今天的检查中已经消失。,not_entailment
有中隔血肿的迹象吗？,可能的右侧纸板骨折，没有明显的额外锥外血肿。,not_entailment
扫描是在立着的状态下完成的吗？,请注意，这部影片中并未包含骨盆部分。,not_entailment
胆管里有任何感染或出血吗？,在左侧基部可见轻度肺不张的变化，但没有急性肺炎、血管充血或胸腔积液的迹象。,not_entailment
有肝癌的证据吗？,在胆囊窝中发现一个包含好几颗石头的复杂结构。,not_entailment
有心脏肥大吗？,心脏和纵隔轮廓看起来正常。,entailment
PICC线放置程序容易吗？,这条线路已经可以使用了。,not_entailment
线路放置正确了吗？,印象：左侧内颈静脉导管在中央上腔静脉部位结束。,entailment
有没有出现任何新的呼吸功能异常？,双侧间质性标记持续增加，两侧下区都有线状和盘状的肺不张。,not_entailment
胸痛是否与迷走神经刺激器有关？,心脏大小在正常范围内。,not_entailment
有没有肺炎的任何证据？,后者在肺的中心部分最为明显。,not_entailment
PICC线是否放置在左臂中？,印象：成功通过左侧肱静脉放置了一根42厘米长的PICC，末端位于下腔静脉。,entailment
ETT管是否放置在正确的位置？,右侧内颈静脉中心导管仍然保持在上腔静脉中部的良好位置。,not_entailment
有新浸润的证据吗？,没有胸腔积液或气胸。,not_entailment
PICC是否被放置在左臂？,最后的限定胸部X线照片确认导管尖端的位置位于远端的上腔静脉。,not_entailment
从上一次的X光片来看，肺部的图片有何变化？,变化在左侧比右侧稍微更明显。,not_entailment
肺部有任何炎症的迹象吗？,发现：已经获取了病人坐姿下的胸部正位单视图。,not_entailment
胆囊区域是否存在任何瘘管？,一个掉落的胆结石被看见在右腹部覆盖着。,not_entailment
肾脏看起来是什么样的？,左肾测量为9.5厘米。,not_entailment
有没有腹腔内脓肿的迹象？,没有阑尾炎或自由腹腔空气的证据。,not_entailment
GI中是否有出血的证据？,在右下肺段的子段分支区域，有一个充填缺陷的建议，其意义尚不确定。,not_entailment
肺泡中除了空气还充满了其他东西吗？,胸部正位和侧位观察：肺容积较低，但无明显实变、胸腔积液或气胸。,entailment
鼻胃管的尖端在哪里？,记录了位于左肺门上方的圆形不透明度，这可能代表吸入性肺炎；但是，不能完全排除左肺门肿瘤的可能性。,not_entailment
肺实质是否清晰？,心脏纵隔剪影无改变。,not_entailment
天鹅管在哪个位置？,病人已进行过冠状动脉旁路移植手术。,not_entailment
头部内部有出血吗？,没有急性颅内出血或者质量效应。,entailment
在肠系动脉中有任何焦点性或弥漫性的动脉粥样硬化斑块吗？,发现：肝脏的大小和回声强度正常，没有局部病变。,not_entailment
静脉映射完成了吗？,专利左大隐静脉和小隐静脉。,entailment
PICC是否放置在左臂？,该区域已按通常的无菌方式进行了预处理和覆盖。,not_entailment
肺部有任何弥漫性不透明度吗？,无法确定存在肺部、血管充血或新的实质浸润。,entailment
肺囊肿性肺炎有任何间隔改变吗？,心脏纵隔剪影无变化。,not_entailment
ETT管是否正确放置了？,ET管在颈部弯曲位置的气管隆起处结束，距离大约2厘米。,entailment
气管插管通畅吗？,没有气胸。,not_entailment
NGT是否放置正确？,发现: 病人已经接受了中线胸骨切开术。,not_entailment
胸痛是否与迷走神经刺激器有关？,印象：存在迷走神经刺激器，左侧旧的痊愈肋骨骨折，但在胸壁疼痛的患者中没有其他的胸壁异常。,not_entailment
在肠系动脉中是否有任何集中或弥漫性的动脉粥样硬化斑块？,主动脉的直径正常。,not_entailment
有新的浸润物的证据吗？,印象：右肺上部存在可疑的圆形不透明度。,entailment
插管拔除后，肺部情况如何？,骨质结构未发生改变。,not_entailment
GI出血有没有任何恶化？,最终报告 指示：上消化道出血，为保护气道进行插管。,not_entailment
肾脏的灌注情况如何？,印象：1）无肾积水迹象。,entailment
肺部有任何液体吗？,心脏和纵隔轮廓在此期间未发生变化。,not_entailment
右侧的IJ线是否正确放置？,观察到口胃管的位置非常正确，其尖端位于胃的中部。,not_entailment
右侧的IJ线是否正确放置？,已插入新的右内颈中心线，其尖端在中央上腔静脉的中部位置良好。,entailment
喘息和啰音是否加重了？,"最终报告：单片胸部X光片
病史：糖尿病患者，安装心脏起搏器，胃肠出血，呼吸时发出喘息和啪啪声。",not_entailment
迷走神经刺激器电缆的位置在哪里？,颈椎，两视图：存在一个电子引线设备，具有四个独立的金属电极，位于T1和T2椎体的左侧横突上，从侧视图上看，这些电极显示在C7和T1前方的软组织上。,entailment
心脏的大小有没有发生任何变化？,Swan-Ganz导管已经被撤出，其尖端现在位于右肺动脉远侧。,not_entailment
在拔管后肺部有任何间隔变化吗？,印象：双侧肺部不透明度由PCP(卡氏肺炎)得到改善。,entailment
我们是否看到右左上肢的静脉中有任何血栓？,右侧肱静脉远端在肘窝部位未能观察到。,not_entailment
脊柱上有任何骨质缺损吗？,印象：未检测到急性骨折或创伤性错位。,entailment
胆囊区域有任何瘘管吗？,注射50毫升Optiray后，没有证据显示胆囊与空腔脏器之间有漏浆或瘘管。,entailment
右侧大隐静脉的情况如何？,右大隐静脉最近的2.6厘米部分是通畅的，并显示出0.31和0.22的直径。,not_entailment
PICC线放置程序容易吗?,这条线路已经可以使用了。,not_entailment
胸痛的位置在哪里？,心脏大小在正常范围内。,not_entailment
气管插管的末端是否在隔脊上方？,印象：位置偏低的气管插管，应重新调整以达到最佳位置。,entailment
什么是高密度浸润性病变的叶？,右肺尖部显示出一种不明确的不透明度，投影在第二肋骨前端的水平位置，可能表示阴影的累积或新的不透明度，因为在之前的放射照片上没有发现这个现象。,entailment
肺间质空间看起来正常吗？,印象：无急性心肺异常。,entailment
PICC是被放置在左手臂吗？,由于未能识别出适当的浅表静脉，因此对左上肢进行了超声检查，结果显示左肱静脉通畅且可压缩。,entailment
PICC是否被放置在左臂中？,然后，在荧光显像指导下，将0.018导丝线通过针头推进到上腔静脉中。,not_entailment
静脉映射完成了吗？,右侧头静脉的其余部分通畅，并显示出0.41、0.2、0.27、0.21和0.2的直径。,not_entailment
有肺气胸的证据吗？,呼吸急促。,not_entailment
腹部有任何异常充液的肿块吗？,骨盆内有少量自由液体。,not_entailment
胆道树是否出现了扩张的管道？,没有证据显示存在肝内或肝外胆管扩张，共同胆管的大小测量为6毫米。,entailment
胸腔里有出血的迹象吗？,骨窗：右肩胛骨存在骨下软骨囊肿。,not_entailment
下肢的静脉情况如何？,小隐静脉的直径为0.15、0.16、0.16、0.16、0.12。,not_entailment
有呼吸困难的迹象吗？,最终报告 指示：呼吸困难。,not_entailment
胆囊区域内是否有任何瘘管？,经皮胆囊造瘘管的末端位于胆囊底部。,not_entailment
有没有任何腹腔阻塞的迹象？,盆腔内有少量的游离液体。,not_entailment
有没有腹腔内阻塞的迹象？,没有脓肿的证据。,not_entailment
肺部内有渗透物的证据吗？,胸部的正位和侧位视图：肺容量偏低，但清晰无渗出、胸腔积液或气胸。,entailment
是否有阻碍流向肾脏的血流？,对肾实质和肾门的有限评估。,not_entailment
胸部X光检查上有没有任何东西可以解释呼吸短促的原因？,指示：有呼吸短促的病史。,not_entailment
是否因气胸导致了纵隔移位？,也可能存在小的右侧胸腔积液。,not_entailment
肺部的间质空间中是否有任何液体？,胸主动脉有钙化现象。,not_entailment
心脏的大小如何？,病人的状态是术后冠状动脉旁路移植。,not_entailment
DOE的进展是什么？,发现：胸部的两个视图。,not_entailment
肺实质清晰吗？,印象: 双侧弥漫性肺泡不透明，符合肺囊肿病肺炎的表现。,entailment
肺实质看起来是什么样的？,结论： 1）无肺栓塞的证据。,entailment
PICC线放置程序容易吗？,然后用Statlock设备固定了线路，并应用了无菌透明敷料。,not_entailment
有积液的证据吗？,考虑到采用有限的低肺容量技术，没有出现积液或浸润的情况。,entailment
气管插管的末端是否在隔膜上方？,NG管终止于胃底部。,not_entailment
胸痛与迷走神经刺激器有关吗？,患者有左侧胸部疼痛。,not_entailment
GI中有出血吗？,没有急性出血的证据。,entailment
有狭窄病症的证据吗？,没有光谱扩宽。,not_entailment
中心线是否正确放置？,发现： 可见右侧颈内静脉导管，其尖端位于腔静脉房室交界处附近。,entailment
GI中有出血的证据吗？,没有心包积液的证据，另外也没有胸或腹主动脉的证据。,not_entailment
有没有出现胸腔积液的迹象？,最终报告 胸部正侧位[**6-19**] 病史：胸腔积液。,not_entailment
ETT管是否被放置在正确的位置？,气管插管的袖带稍微充气过度。,not_entailment
胸痛与迷走神经刺激器有关吗？,指示： 历史上曾植入迷走神经刺激器。,not_entailment
有没有任何质量/组织对神经组织产生压力效应？,发现：没有颅内出血。,not_entailment
ETT管是否放置在正确的位置？,气管插管的气囊略微超出气管的直径扩张。,not_entailment
胸腔内有出血的证据吗？,发现：经静脉造影的胸部CT: 胸主动脉和腹主动脉的显影效果良好。,not_entailment
你找到了渗透的迹象吗？,记录了右下叶区域不透明度不均的现象，这可能代表早期的肺炎。,entailment
有没有证据显示肺部有任何新的浸润灶？,存在双侧的扩散性不透明度，与之前的研究相比有所改善。,entailment
有骨折的证据吗？,没有发现额外的骨折或脱位。,not_entailment
肾脏的灌注情况如何？,没有肾积水的证据。,entailment
右侧大隐静脉的状况如何？,中度双侧主动脉髂动脉供血不足，可能伴有右侧出流道疾病和左侧严重出流道疾病。,not_entailment
有狭窄病的证据吗？,没有胆管扩张。,not_entailment
颈椎的对齐是什么？,技术：未使用对比剂，通过MDCT进行轴向采集，获取了颈椎的影像。,not_entailment
你评估过反复喉神经的病程了吗？,评估复发性喉神经的走向。,not_entailment
有肺炎的证据吗？,胸部CT配合静脉对比剂：没有肺栓塞的证据。,not_entailment
胸部X光上的导线位置在哪里？,心脏的大小在正常范围的上限，肺血管的范围也在正常限度内。,not_entailment
任何叶片看起来有炎症的肺泡或间质空间吗?,印象： 左侧肺门肺泡过程中有明显改善，但残留的边界清晰的肿块状不透明度引起了对肿瘤的担忧。,entailment
病人的头部有局部出血吗？,发现：与前几天的研究相比，右侧顶叶脑实质内出血及周围水肿的情况稳定。,entailment
我们在肺部看到任何过度的水肿吗？,肺血管的显示在正常限度内，没有水肿的证据。,entailment
肺囊肿肺炎中是否存在间隔变化？,印象：双侧弥漫性肺泡浑浊，与肺囊肺炎相符。,not_entailment
ETT是否正确放置？,AP卧位胸部X线：注意到一根气管插管，其尖端位于右主支气管的开口处。,entailment
还有渗透者存在吗？,跟踪浸润的情况。,not_entailment
胸部X光片上有任何间质渗透吗？,存在小的双侧积液，变化不大。,not_entailment
肺部是否出现了任何间质浸润？,注意右下肺叶有斑驳不透明，可能代表早期肺炎。,entailment
在肠系膜上动脉中有任何阻塞吗？,齐鲁动脉和肠系膜上动脉广泛通畅，多普勒检查显示正常的频谱流动和在正常范围内的速度。,entailment
胆道树看起来是否有扩张的导管？,发现：肝脏的外观正常。,not_entailment
是否有RUL不透明的迹象？,给出的临床病史暗示有吸入风险。,not_entailment
肺部有任何感染的迹象吗？,比较：[**0-0-0**]和[**0-0-0**] 两个视角的胸部：肺容量低，与之前观察到的相似。,not_entailment
肾脏的血流是否受到阻碍？,由于体型和病人不易移动，肾实质和主肾动脉的评估受到了限制。,not_entailment
胸腔内是否有出血的证据？,主要涉及肺底的肺不张，以及右中肺叶的瘢痕。,not_entailment
我们在右和左上肢的静脉中看到任何血栓吗？,右侧基础静脉的直径分别为0.35、0.34、0.31、0.24。,not_entailment
是否存在血肿增大？,没有骨骼异常。,not_entailment
有肝癌的证据吗？,在对肾脏的有限观察中，没有看到肾积水。,not_entailment
CT扫描上的鼻窦怎么样？,"最终报告
研究：无对比剂的CT扫描鼻窦。",not_entailment
胸部X光上有没有记录到任何间隔变化？,2) 双侧扩散性磨玻璃样和肺泡浑浊，与肺囊肿肺炎相符，并且无变化。,entailment
在胃肠道有出血的证据吗？,发现：带有静脉对比剂的胸部CT：胸部和腹部主动脉的显影良好。,not_entailment
胸腔内有出血的证据吗？,没有心包积液的证据，此外也没有胸部或腹部主动脉的证据。,not_entailment
肺间质空间看起来正常吗？,心脏纵隔剪影是正常的。,not_entailment
左上肢的深静脉中有没有血栓？,印象：左上肢深静脉血栓形成无证据。,entailment
我们是否在肺间质空间中看到任何液体、血液或脓液？,印象：无急性心肺异常。,entailment
我们在右手和左手的静脉中看到任何血栓吗？,报告中描述了对右侧头静脉和左侧基底静脉的评估，日期为[**2155-6-9**]。,not_entailment
肺部有任何渗透物/肿块吗？,虽然存在肺部容量偏小，但没有急性肺炎的证据。,entailment
颅内组织是否出现出血损害？,发现：没有颅内出血。,entailment
有PE（肺栓塞）的证据吗？,这里显示出了双侧间隔增厚的弥漫性改变，以及部分地面玻璃状不透明区和被动性肺不张，主要集中在基底部位。,not_entailment
胸腔看起来如何？,无胸腔积液。,entailment
肺部的间质空间中是否有任何液体？,轻度充血性心脏衰竭。,entailment
有任何肺部浸润吗？,印象: 1) 弥漫性斑片状磨砂玻璃浑浊和许多光滑增厚的隔膜线。,entailment
NGT放置正确吗？,注意到轻度的充血性心力衰竭。,not_entailment
气管插管的尖端应该放在哪里？,ET管在颈部弯曲位置以距离气管分叉2厘米处结束。,entailment
EP研究后，后腹膜是否看起来正常？,膀胱和前列腺表现正常。,not_entailment
我们在右侧和左侧上肢的静脉中看到任何血栓吗？,发现：已进行[**医生姓**]级别的超声波和彩色双工对双侧头静脉和肱静脉的检查。,not_entailment
中央线的当前位置是什么？,最终报告 指示：评估中心线放置情况。,not_entailment
肺部浸润看起来是什么样的？,显示在右侧顶部的一个模糊的不透明度，投影在第二肋骨前端的水平上，可能代表阴影的叠加或新的不透明度，因为在以前的放射线照片上没有发现这个。,entailment
铅是否放置正确？,一个永久性起搏器已安装，其导线终止于右心室和右心房。,entailment
有没有后腹膜出血的迹象？,印象：1）无后腹膜血肿的证据。,entailment
出血是否已稳定？,询问出血的稳定性。,not_entailment
胸腔积液是减少了还是增加了？,双侧胸腔积液似乎略有增多。,entailment
右侧大隐静脉的情况如何？,右侧踝臂指数为0.98。,not_entailment
左侧胸部的迷走神经刺激器是否完好？,显然，这代表迷走神经刺激器。,not_entailment
颈动脉血管是否堵塞？,在任何一侧都没有明显狭窄的证据。,entailment
插管拔除后，肺部情况如何？,印象：双肺不透明度因PCP得到改善。,entailment
现在额部血肿的大小是多少？,印象：右前额脑实质内出血的稳定表现。,not_entailment
液体集合存在吗？,评估液体积聚。,not_entailment
是否存在阻碍肾脏血液流动的情况？,评估肾脏的大小和血流情况以及是否存在肾积水。,not_entailment
心肌有显示出任何异常吗？,心脏和纵隔轮廓看起来正常。,entailment
我们能看到任何肺水肿吗？,肺血管正常。,not_entailment
GI出血有没有任何恶化？,间隔内没有显著变化。,not_entailment
PICC线是否放置在左臂上？,导管随后被吸取、冲洗、封闭并加上肝锁。,not_entailment
插管后肺部的情况如何？,双侧肺不透明度有间歇性的改善，最明显的在右肺底部。,entailment
内插管的位置是什么？,最终报告 指示：一位60岁的男性带有气管插管。,not_entailment
左侧胸壁有任何异常吗？,与之前一样， [**医生姓氏**]左侧第5和6根肋骨的已愈合骨折的证据似乎没有改变。,entailment
还有渗透者存在吗？,在之前的影像中观察到的密实化有所改善，当前的影像显示出间质样的模式。,entailment
EP研究后，腹膜后是否看起来正常？,肾脏看起来正常。,not_entailment
病人能正常地吞咽内容物吗?,印象：痕迹吸入，具有稀薄的一致性。,entailment
骨头里有任何缺陷吗？,轨道区域的外观正常。,not_entailment
患者是否仍然有双侧肺浸润？,双侧磨玻璃样混浊，以及在肺底部有更密集的实变区域。,entailment
你找到了CHF的证据吗？,存在轻度的心脏扩大，同时上肺区域的肺血管有些突出。,entailment
NGT是否放置正确？,已经记录了脊柱侧凸。,not_entailment
你发现有渗透的迹象吗？,印象： 右下肺叶出现斑片状不透明，可能代表早期的肺炎。,entailment
腹部内是否有任何异常的充液肿块？,没有脓肿的证据。,not_entailment
肺部内有任何渗透的迹象吗?,持续的间质和肺泡浸润，与PCP（肺孢子虫肺炎）一致。,entailment
腹部是否有任何异常充液的肿块？,2）没有腹腔内脓肿的证据。,entailment
左侧胸部的迷走神经刺激器是否完好无损？,在前胸壁中可以看到细线电极，并导致在左侧脊旁空间的电极终止点，位于Th1和Th2级别。,not_entailment
有没有任何阻塞在肠系膜上动脉中？,没有胆管扩张。,not_entailment
胸部有阻塞吗？,发现：双导起搏器的位置未发生变化。,not_entailment
腹部是否有任何异常充液肿块？,存在广泛的皮下水肿。,not_entailment
有冠状动脉疾病的迹象吗？,压力和静息灌注图像显示无心肌灌注缺陷。,entailment
肺部的间质空间中是否有任何液体？,存在心脏肥大，但与之前的研究相比，大小没有显著变化。,not_entailment
肺实质看起来是什么样的？,含静脉对比剂的胸部CT: 没有肺栓塞的证据。,entailment
GSV的状况如何？,收割了大隐静脉的其余部分。,not_entailment
下肢的静脉情况如何？,翻译:最终报告 历史：下肢静脉映像。,not_entailment
有急性过程的证据吗？,对比：[**0-0-0**]与[**0-0-0**] 胸部的两个视图：肺部容积较低，与之前观察到的相似。,entailment
有没有新的肺部浸润灶？,没有气胸。,not_entailment
肾脏的血流有阻塞吗？,肾脏超声：右肾测量为10.3厘米。,not_entailment
X射线上是否仍然显示弥漫性肺门网状间质不透明？,改善了散在的肺不透明度，与PCP对间隔疗法的反应一致。,entailment
有肺炎恶化的情况吗？,存在广泛的双侧空气侵入，左侧稍微明显一些。,not_entailment
有没有任何蛛网膜下或硬膜下出血的迹象？,没有急性颅内出血或质量效应。,entailment
有肺气胸的迹象吗？,没有气胸。,entailment
胸部的X光片上有没有显示任何积液？,考虑到限制性低肺容积的技术，没有渗出或浸润现象。,entailment
有肺水肿的证据吗？,发现：已对肺动脉导管进行了间期移除。,not_entailment
在肠系膜上动脉中有任何阻塞吗？,存在一小部分右侧胸腔积液。,not_entailment
胸口导管线的肋骨级别是什么？,印象：左侧内颈静脉导管终止于中央上腔静脉。,entailment
右侧PICC（经皮中心静脉导管）的远侧尖端位置是什么？,发现：在初步报告中描述了留置设备的位置。,not_entailment
左侧锁骨下中心线的位置是什么？,现在进行左锁骨下中心导管置入。,not_entailment
胆汁通过胆道树的流动情况如何？,胆囊已经塌陷，但从总体上看是正常的。,not_entailment
肺囊肿肺炎有任何间隔变化吗？,考试内容与前一天保持不变。,entailment
左侧胸部的迷走神经刺激器是否完好无损？,在侧视图上，可以识别出主动脉瓣区域内的钙化。,not_entailment
我们是否发现任何单侧或双侧胸腔积液？,印象：中度左侧胸腔积液未变。,entailment
右侧大隐静脉的情况如何？,有疑问的是，右大隐静脉的远侧部分小而畅通无阻。,not_entailment
胸腔积液是减少了还是增多了？,增加的双侧胸腔积液。,entailment
有狭窄性疾病的证据吗？,印象：腹腔和SMA通畅，超声无狭窄迹象。,entailment
PICC线是否放置在左臂？,然后，PICC被沿着导线通过鞘管推进。,not_entailment
起搏器的位置在哪里？,没有肺气胸。,not_entailment
胃鼻管的尖端在哪里？,如上所述的鼻胃管。,not_entailment
右侧大隐静脉的情况如何？,仅能看到右侧大隐静脉起始处的一小部分。,entailment
有肺炎的迹象吗？,印象：左肺门周围的肺泡过程有显著改善，但残留有边缘清晰的像肿块般的不透明度，这令人担忧可能存在肿瘤。,entailment
肺的哪些叶有浸润性改变？,起搏器导线的位置没有间隔变化。,not_entailment
有没有扩大的结肠的证据？,存在充满气体的小肠和大肠循环，但没有扩张的肠道循环。,entailment
GI道中是否有任何活动性出血部位？,没有急性出血的证据。,entailment
冒号是如何出现的？,指示：结肠缺血。,not_entailment
胸腔内是否还有残余的液体？,这项研究未包含左侧肋膈角。,not_entailment
间质性磨玻璃浓度是否发展为实质性肺炎？,改善的弥漫性肺混浊，与PCP对间隔疗法的反应一致。,entailment
Dobhoff管道放置得恰当吗？,喂食管的尖端被确定在远端的食管中。,entailment
有没有任何渗透的迹象？,立直胸部正位观察：肺部清晰，无局部阴影。,entailment
肺部有任何新的浸润物的证据吗？,印象：双侧通气改善。,entailment
在腹部有任何异常充液的肿块吗？,识别到了[**Name10 (NameIs)**]的肝脏局部病变。,entailment
静脉映射完成了吗？,左侧头静脉在左侧肘窝区域显示了充盈缺损，这与部分性血栓形成相一致。,not_entailment
有肺气胸的证据吗？,没有肺水肿或肺炎的证据。,not_entailment
胸部X光片上的地玻璃样不透明度是否降低了？,考虑到技术和位置的差异，与之前的研究相比，这些不透明度并无明显改变。,entailment
胆道树是否出现扩张管道？,印象：正常的右上腹部超声，未见到任何结构异常。,entailment
我们能否发现任何单侧或双侧的胸腔积液？,存在轻度的右侧胸腔积液。,not_entailment
肾脏的血流是否受到阻碍？,电阻指数升高，右肾在0.73-0.78之间，左肾在0.64-0.82之间。,entailment
左侧胸部的迷走神经刺激器是否完好无损？,印象：存在迷走神经刺激器，左侧肋骨有旧的愈合性骨折，但患有胸壁疼痛的患者无其他胸壁异常。,entailment
我们在门静脉系统中看到任何血栓/血栓吗？,在这个限制之内，门静脉中有血液流动；然而，波形并没有很好地展示出来。,entailment
胸腔内有出血的迹象吗?,存在胸椎多级退化性变化。,not_entailment
肺间质空间看起来正常吗？,胸部的PA和侧位观察：肺容量偏低，但清晰无肺实质化、胸腔积液或气胸。,entailment
肺部的影像图与前一次的X光片相比有何变化？,印象：肺部浸润比以前更为分散，但强度较弱。,entailment
我们在肺部看到任何炎症过程吗？,这是对扩散性两侧毛绒样浸润的恶化，与恶化的PCP [**姓氏首字母(PRE) 8079**]一致。,entailment
有没有胸腔积液恶化的情况？,最终报告 指标：有左下肢缺血和恶性胸腔积液的病史，现在呼吸急促症状加重。,not_entailment
有肝癌的证据吗？,在这些有限的视图上未发现明显的肝脏病变。,entailment
静脉映射完成了吗？,左侧基底静脉通畅，直径范围从0.16到0.31。,not_entailment
静脉映射完成了吗？,右侧肱皮静脉远端位于肘窝部位的部分无法看见。,not_entailment
肺实质看起来是什么样的？,在远端气管中存在依赖性物质，可能是黏液。,not_entailment
气管插管是否通畅？,评估气管插管的位置。,not_entailment
出血的大小是多少？,查询出血稳定性。,not_entailment
心脏的大小如何？,主动脉已广泛钙化。,not_entailment
气管插管的尖端应该放在哪里？,胃管卷在胃底内，左侧PICC线和左侧锁骨下血管导管仍保持在位，位置未变。,not_entailment
肺血管中是否有任何血栓？,结论：1) 无肺栓塞的证据。,entailment
超级肠系膜动脉中是否有任何阻塞？,没有脾脏肿大。,not_entailment
CT扫描上的鼻窦怎么样？,发现：检测到鼻骨有多处急性粉碎性骨折。,not_entailment
有没有任何渗出物的证据？,心脏大小可能正常，但由于中度左侧胸腔积液，心脏轮廓部分被遮挡。,entailment
哪些肺叶有浸润？,肺部容量低。,not_entailment
有肺气胸的证据吗？,也可能存在轻微的右侧胸腔积液。,not_entailment
有肺水肿的证据吗？,存在轻度心脏扩大，并且上肺区的肺血管略显突出。,entailment
冒号是如何出现的？,问题：肠道扩张。,not_entailment
右内颈静脉中心线的位置是什么？,在大肠和小肠中有适度的气体积聚。,not_entailment
肺部有任何渴望的迹象吗？,间隔中没有显著的变化。,not_entailment
新的L IJ导管放置好了吗？,心脏大小在正常范围内。,not_entailment
有肺气胸的迹象吗？,存在中位胸骨切开线。,not_entailment
在肺部有看到任何浸润性病变吗？,再次观察到弥漫性间质和肺泡浸润，基本上没有变化。,entailment
刺激迷走神经的电缆是否存在？,对迷走神经刺激器电缆进行正侧位观察评估。,not_entailment
有肺炎的任何证据吗？,对肺炎的临床怀疑。,not_entailment
下肢的静脉情况如何？,右侧头静脉部分血栓形成，右侧肘窝窝内存在血栓。,not_entailment
是否看到左侧喉返神经有任何增厚？,存在左侧内颈静脉中心静脉线。,not_entailment
右侧大隐静脉的状况如何？,发现/技术： 对右大隐静脉和右小隐静脉进行了灰阶超声检查，同时对右大隐静脉进行了彩色双工超声检查。,not_entailment
门脉血管中的血液流动情况如何？,在这个限制内，门静脉显示为开放的；然而，波形没有得到良好的评估。,entailment
左锁骨下中心线的位置是什么？,印象：1）新的左锁骨下中央静脉线，其尖端在中位的上腔静脉中。,entailment
有血栓的证据吗？,在这个限制条件下，门静脉中存在流动；然而，波形并未得到很好的展示。,entailment
在这段时间内肺炎有任何变化吗？,肺部显示出弥漫性双侧间质浸润。,entailment
肺部内有没有渗透物？,考虑到限制性低肺容量技术，没有渗出液或浸润现象。,entailment
肺炎有间隔变化吗？,自上次研究以来，浸润的强度已经减少。,entailment
NGT是否正确放置？,鼻胃管正在通过左半膈肌以下的路径行进。,entailment
肺部有任何异常吗？,存在双侧弥漫性斑片状气体不透明度和双基底肺不张。,entailment
除了空气之外，肺泡里还充满了其他东西吗？,印象：无急性心肺异常。,entailment
我们在肺部看到任何液体吗？,右上肺存在不均匀的不透明性，可能与感染过程有关。,not_entailment
现在额部血肿的大小是多少？,诊断结果：右侧额叶内脑实质内出血灶的状况稳定，测量结果大约为5.6 x 3.0厘米。,entailment
有肺炎的证据吗？,没有自由腹腔气体的证据。,not_entailment
肺部浸润是否有所减轻？,双侧间质标记持续增加，伴有两侧下区的线状和圆盘状肺不张。,entailment
有没有胸腔积液恶化的情况？,心脏大小稳定在正常上限范围内。,not_entailment
有肺炎的证据吗？,尽管有限制，肺部看起来清晰。,entailment
胸部X光下的心脏情况如何？,发现：胸部的两个视图。,not_entailment
有CHF的证据吗？,心脏和纵隔轮廓看起来正常。,entailment
NG管看起来在哪里？,印象：鼻胃管位置良好。,not_entailment
左锁骨下中心线的位置是什么？,也可见一根位于左侧的PICC，其尖端位于上部的上腔静脉。,not_entailment
肾脏的灌注情况如何？,评估肾脏的大小和流量，以及是否存在肾积水。,not_entailment
X射线上的肺炎在此期间有变化吗？,2) 扩散性双侧磨砂玻璃和肺泡混浊，与肺囊肿病相符，且未发生变化。,entailment
哪些肺叶有浸润影？,存在肺门和血管周围的朦胧感，肺纹理增多以及左右两侧的小型胸腔积液，这与心力衰竭（CHF）是一致的。,entailment
肺囊肿性肺炎有任何间隔性的改变吗？,考虑到技术上的差异，间隔中没有明显的变化。,entailment
在这段时间内，肺炎有任何变化吗？,这些在间隔期间未发生变化。,entailment
冒号是如何出现的？,存在充满空气的小肠和大肠循环，但没有扩张的肠循环。,entailment
你评估过反复喉神经的过程吗？,在左侧喉返神经的路径上没有出现大面积病变或质量效应的迹象。,entailment
GI中是否有出血的证据？,此外，没有纵隔血肿的证据。,not_entailment
肺部内是否存在渗透性病变的证据？,左心室突出，无心力衰竭的迹象。,entailment
出血的大小是多少？,在左侧丘脑的后内侧边缘，注意到另一个2毫米超密集焦点，可能是出血，周围有水肿。,not_entailment
新的L IJ导管放置好了吗？,左侧内颈静脉中心导管已经推进，末端位于上腔静脉中。,entailment
左锁骨下中心线是否在期望的位置和地点？,印象：1）新的左锁骨下中心静脉置管，尖端位于中上腔静脉中部。,entailment
肺的某些叶是否显示出崩溃的迹象？,左内颈静脉的尖端位于左锁骨下静脉中。,not_entailment
肺部是否看起来没有间质液体？,两肺底部存在持续性朦胧不透明，肺血管显著增高。,entailment
我们是否发现了任何单侧或双侧胸腔积液？,心脏大小可能正常，但心脏轮廓部分被中度左侧胸腔积液遮挡。,entailment
头部有出血情况吗？,发现：没有急性出血，肿块病变，正常中线结构的移位，脑积水或明显的大面积梗塞的证据。,entailment
还有其他的渗透者吗？,线的位置没有改变。,not_entailment
空间内的间隔是否有变化？,考虑到技术和定位的差异，与以前的研究相比，这些不透明度并没有显著改变。,entailment
肺炎有间隔性变化吗？,这些并未发生显著变化。,entailment
GI中是否有出血的证据？,存在结肠憩室症，但没有憩室炎的证据。,not_entailment
上肢的静脉状况如何？,左侧头静脉在前臂窝区部分血栓形成。,not_entailment
